303258977,FN1593726-P-WH5046
303262021,FN1567993-P-WH5046
303162458,FM1503004-S-PM14084
303250846,FN1499139-P-WH4374
303258531,FM1523381-P-WH8952
303261445,FM1552822-P-WH19706
303256025,FN1499458-P-WH10778
303215312,FN1534025-S-PM20599
303262884,FN1476079-P-WH4374
303263393,FN1191542-Z-WH5046
303256282,FN1359865-Z-WH5046
303263320,FM1264895-P-WH2194
303264583,FN1415937-P-WH9065
303265660,FN1191535-Z-WH5046
303265456,FN1478583-P-WH5046
303266862,FN1540065-P-WH5046
303268288,FN1184508-P-WH4374
303264128,FN1293839-P-WH4374
303266862,FN1373438-P-WH11422
303263717,FN1593726-P-WH5046
303267866,FN1438748-P-WH11422
303261297,FN1593729-P-WH5046
303261297,FN1593726-P-WH5046
303267295,FN1184508-P-WH4374
303269314,FN1567994-P-WH5046
303264350,FN1441294-P-WH4374
303267349,FN1307139-P-WH20861
303251405,FN1373443-P-WH11422
303274729,FN1373438-P-WH11422
303273835,FN1600249-P-WH19573
303275370,FN1593571-P-WH5046
303275340,FN1386604-P-WH14936
303269520,FM1598728-P-WH22695
303277882,FN1191532-Z-WH5046
303250395,FN1610831-S-PM18233-78 x 60
303282024,FN1471808-P-WH16541
303285034,FN1515235-P-WH11070
303275418,FN1519222-P-WH22580
303285008,FN1441280-P-WH4374
303280993,FM1475725-P-WH8952
303247338,FN1612018-S-PM21824
303285818,FN1590870-P-WH5046
303285818,FN1476086-P-WH4374
303285207,FN1371203-P-WH19463
303272552,FN1293839-P-WH4374
303278154,FN1359863-Z-WH5046
303273393,FM1475723-P-WH8952
303278403,FN1567996-P-WH5046
303283396,FN1472201-P-WH11070
303244556,FN1609886-S-PM18965
303288486,FN1400449-P-WH4374
303288344,FN1191606-Z-WH5046
303285535,FN1580206-P-WH21286
303291555,FN1476079-P-WH4374
303282277,FM1368409-Z-WH5046
303290239,FM1458299-P-WH2203
303291385,FM1602007-P-WH22879
303295963,FN1184519-P-WH4374
303296378,FN1567992-P-WH5046
303279876,FN1477940-P-WH5046
303300161,FN1567995-P-WH5046
303276808,FN1613075-S-PM20599
303299050,FN1567996-P-WH5046
303299249,FN1184508-P-WH4374
303295351,FM1598725-P-WH22695
303299760,FN1576736-P-WH11070
303298088,FM1523380-P-WH8952
303296370,FN1567993-P-WH5046
303304026,FM1607404-P-WH17109
303302505,FN1184508-P-WH4374
303303471,FN1584698-P-WH19573
303290351,FN1307139-P-WH20861
303291775,FM1446482-P-WH2205
303302682,FN1593728-P-WH5046
303296879,FN1441280-P-WH4374
303297954,FN1599491-P-WH4378
303305418,FM1602163-P-WH21497
303299326,FM1591731-P-WH21497
303300777,FN1307139-P-WH20861
303307035,FN1591924-P-WH4374
303304390,FN1441296-P-WH4374
303306331,FN1567992-P-WH5046
303300096,FN1400449-P-WH4374
303307333,FN1586198-P-WH4374
303307333,FN1499145-P-WH4374
303299336,Fm1597155-P-WH10719
303307195,FN1400450-P-WH4374
303293845,FN1613074-S-PM20599
303311531,FM1606919-P-WH19706
303310978,FN1619541-P-WH4374
303302665,FN1597559-P-WH5046
303310327,FN1481807-P-WH4374
303298110,FM1602154-P-WH21497
303303149,FM1469864-P-WH11393
303312239,FN1581123-P-WH20495
303312356,FM1349568-P-WH14875
303319694,FN1584588-P-WH1210
303314084,FN1600253-P-WH19573
303312048,FN1481795-P-WH4374
303314860,FN1476079-P-WH4374
303314829,FN1476079-P-WH4374
303318712,FN1477939-P-WH5046
303314712,FN1361998-P-WH11422
303282018,FM1476211-P-WH7173
303282018,FM1261074-P-WH4628
303282018,FM1214381-P-WH8952
303266726,FN1609881-S-PM18965
303322211,FN1191549-Z-WH5046
303297088,FM1212547-P-WH2203
303314409,FN1350964-P-WH14949
303313581,FM1530126-P-WH21497
303320830,FN1441285-P-WH4374
303320816,FN1441285-P-WH4374
303323336,FN1373448-P-WH11422
303312706,FM1598692-P-WH22695
303319317,FM1586103-P-WH8833
303331854,FM1552822-P-WH19706
303327979,FN1597560-P-WH5046
303321258,FN1608681-P-WH23661
303326995,FM1214381-P-WH8952
303322149,FN1359851-Z-WH5046
303289289,FN1574850-S-PM15602
303331654,FM1475728-P-WH8952
303331436,FM1586102-P-WH8833
303334838,FN1481807-P-WH4374
303331114,FN1373448-P-WH11422
303332426,FN1475604-P-WH5046
303324979,FN1593726-P-WH5046
303321986,FN1545637-P-WH5046
303326951,FM1213581-P-WH2203
303326995,Fm1597273-P-WH15338
303326905,Fm1597060-P-WH10719
303334001,FN1359865-Z-WH5046
303334880,FN1515242-P-WH11070
303333794,FN1441282-P-WH4374
303333829,FN1359880-Z-WH5046
303325722,FN1621036-S-PM21699
303334354,FN1481807-P-WH4374
303333722,FM1214281-P-WH2203
303338561,FN1477940-P-WH5046
303326995,FM1504773-P-WH10273
303323727,FN1595218-S-PM16394
303342241,FN1596097-P-WH20861
303342241,FN1384285-P-WH11070
303342728,FN1596404-P-WH5046
303338756,FN1191532-Z-WH5046
303343332,FM1305290-P-WH10873
303334821,FM1475732-P-WH8952
303343105,FN1191541-Z-WH5046
303327176,FN1402790-S-PM20599
303341216,FN1441280-P-WH4374
303347035,Fm1595847-P-WH21248
303349534,FN1191604-Z-WH5046
303349368,FM1520355-P-WH14876
303349508,FN1476085-P-WH4374
303342855,FN1490752-P-WH11422
303343569,FN1478597-P-WH5046
303348681,FN1441296-P-WH4374
303343005,FM1476207-P-WH7173
303340966,FM1587800-P-WH10181
303350350,FM1249821-P-WH19058
303348838,FN1441295-P-WH4374
303342153,FN1531449-P-WH19573
303351131,FN1596411-P-WH5046
303343699,FN1541265-P-WH22580
303349296,FN1373451-P-WH11422
303349486,FM1552523-P-WH17109
303334916,FM1598692-P-WH22695
303350446,FN1191605-Z-WH5046
303353592,FN1499449-P-WH10778
303350482,FN1499493-P-WH10778
303349424,FM1476213-P-WH7173
303349508,FM1593662-P-WH10273
303342012,FN1499141-P-WH4374
303338320,FN1625659-S-PM2654
303350214,FN1359862-Z-WH5046
303330861,FM1421442-P-WH19566
303336292,FM1517270-P-WH10273
303356966,FM1605219-P-WH2194
303355005,FM1354147-P-WH8833
303353536,FN1591929-P-WH4374
303334691,FN1315359-S-PM8271
303338561,FN1582598-S-PM3041
303357125,FN1506736-S-PM2654
303356810,FN1567123-P-WH5046
303354637,Fm1598493-P-WH22669
303354406,FN1596411-P-WH5046
303325619,FN1620984-P-WH11422
303364950,FN1191603-Z-WH5046
303357886,FN1371050-P-WH12241
303367158,FN1499142-P-WH4374
303368201,FM1580584-P-WH21497
303360426,Fm1596941-P-WH8834
303359319,FN1519254-P-WH22580
303352076,FN1359851-Z-WH5046
303358857,FN1481804-P-WH4374
303362329,FN1600248-P-WH19573
303358857,FN1499141-P-WH4374
303362045,FN1476081-P-WH4374
303354888,FN1287737-S-PM4874-XXL
303361748,FN1169373-P-WH4378
303370403,FN1596406-P-WH5046
303341216,FM1515565-P-WH15607
303368510,FN1517544-P-WH4374
303360014,FN1584700-P-WH1210
303367151,Fm1597486-P-WH1210
303371165,FN1441296-P-WH4374
303319471,FN1603143-S-PM18965
303358378,FN1578459-P-WH19573
303370446,FN1191550-Z-WH5046
303338555,FN1451293-P-WH10778
303372450,FN1441296-P-WH4374
303367151,FN1608739-P-WH1210
303367690,FN1519345-P-WH5046
303345143,FN1373437-P-WH11422
303365984,FN1564501-P-WH18414
303364748,FN1293839-P-WH4374
303358146,FN1613515-S-PM22522
303377329,FN1441296-P-WH4374
303366875,FN1470746-S-PM20814
303370514,FN1402789-S-PM20599
303359057,FN1597560-P-WH5046
303375157,FM1476214-P-WH7173
303375157,FM1614823-P-WH8833
303370119,FN1571334-P-WH18414
303380560,FN1589893-P-WH5046
303374500,FM1085521-P-WH14875
303368784,FN1584700-P-WH1210
303377455,FN1441292-P-WH4374
303375860,FN1538467-P-WH4378
303382307,FN1184508-P-WH4374
303377526,FN1591750-P-WH5046
303383991,FN1619539-P-WH4374
303385776,FN1533808-P-WH4374
303388398,FN1441296-P-WH4374
303387336,FN1589893-P-WH5046
303373550,FN1359880-Z-WH5046
303387452,FN1191550-Z-WH5046
303356810,FN1261068-S-PM20826
303372510,FN1597549-P-WH5046
303381032,FN1423612-P-WH18307
303382987,FN1481807-P-WH4374
303385846,FM1550384-P-WH21498
303386504,FM1476211-P-WH7173
303386663,FN1477939-P-WH5046
303383567,FN1477939-P-WH5046
303389969,FN1584699-P-WH19573
303390548,FM1595367-P-WH22502
303387764,FN1169381-P-WH4378
303378017,FN1600245-P-WH19573
303385776,FN1191607-Z-WH5046
303385776,FN1608702-P-WH1210
303385776,FN1478583-P-WH5046
303385776,FN1478582-P-WH5046
303385776,FN1580211-P-WH13363
303386003,FN1317563-S-PM9268
303382609,FN1359856-Z-WH5046
303387112,FN1622019-P-WH23904
303386472,FM1607405-P-WH17109
303386472,FM1605334-P-WH2194
303386472,Fm1595924-P-WH21248
303389645,FN1476082-P-WH4374
303392040,FN1476079-P-WH4374
303391514,FN1473781-P-WH5046
303386830,Fm1598484-P-WH22669
303344057,FN1584422-S-PM20697
303392280,FN1506728-S-PM2654
303379642,FN1506736-S-PM2654
303368762,FN1622216-S-PM8534
303385776,FN1501543-S-PM18233-75 x 60
303393972,FN1589896-P-WH5046
303396572,FN1508805-P-WH18414
303391876,FN1593726-P-WH5046
303395227,FN1589893-P-WH5046
303395670,FN1589896-P-WH5046
303395940,FN1589896-P-WH5046
303390980,FN1564501-P-WH18414
303396189,FN1476081-P-WH4374
303396098,FN1191550-Z-WH5046
303394992,FN1476084-P-WH4374
303394873,FM1214222-P-WH2203
303371108,FN1621059-S-PM21699
303360348,FN1571684-S-PM4605
303393304,FN1315383-S-PM8271
303396453,FM1476212-P-WH7173
303352190,FN1617417-S-PM22933
303394992,FN1481807-P-WH4374
303392947,FN1467076-P-WH20861
303396703,FM1516066-P-WH18279
303400629,FN1477939-P-WH5046
303400556,Fm1595881-P-WH21248
303392848,Fm1596942-P-WH8834
303404537,FN1191545-Z-WH5046
303400614,FN1477939-P-WH5046
303401687,FN1622066-P-WH4378
303405527,FN1475604-P-WH5046
303400132,FN1597550-P-WH5046
303400527,FN1589896-P-WH5046
303404858,FN1475605-P-WH5046
303408085,FN1475604-P-WH5046
303400781,FN1362008-P-WH11422
303396116,FN1589896-P-WH5046
303402572,FN1477941-P-WH5046
303407379,FN1475605-P-WH5046
303408281,Fm1598528-P-WH22669
303400952,FN1371220-P-WH18307
303396339,FN1481799-P-WH4374
303360348,FN1070589-S-PM20822
303399485,FU1362854-S-PM9226-78 x 60 x 5
303410463,FN1373432-P-WH11422
303413594,FN1589894-P-WH5046
303410668,FN1589894-P-WH5046
303405482,FN1586198-P-WH4374
303411057,FM1605215-P-WH2194
303399719,Fm1596943-P-WH8834
303407805,FN1589112-P-WH4374
303412651,FN1191605-Z-WH5046
303407842,FN1472201-P-WH11070
303407133,Fm1598473-P-WH22669
303409904,FN1475605-P-WH5046
303412221,FN1515242-P-WH11070
303414452,FN1599088-P-WH5046
303421386,FN1597549-P-WH5046
303410042,FM1604071-P-WH11393
303410560,FM1598765-P-WH22695
303422364,FM1614825-P-WH8833
303421101,FM1598738-P-WH22695
303410901,FN1602481-P-WH20861
303422164,FN1505818-P-WH18414
303422652,FM1425943-P-WH15607
303412461,FN1477940-P-WH5046
303412094,FN1481807-P-WH4374
303411518,FN1481807-P-WH4374
303409714,FN1477939-P-WH5046
303414563,FN1373455-P-WH11422
303421763,FM1608815-P-WH11393
303421554,FN1184508-P-WH4374
303421673,FM1606919-P-WH19706
303421224,FN1473370-P-WH5046
303412736,FN1608703-P-WH1210
303400115,FN1477940-P-WH5046
303400115,FN1567993-P-WH5046
303428441,FN1373456-P-WH11422
303426899,FN1477940-P-WH5046
303396497,FM1629966-P-WH22669
303425511,FM1605185-P-WH2194
303421600,FN1477940-P-WH5046
303399719,FN1580209-P-WH21286
303424598,FN1477940-P-WH5046
303410864,FN1600250-P-WH19573
303413445,FN1589895-P-WH5046
303413445,FN1191545-Z-WH5046
303413445,FN1362025-P-WH11422
303414037,FN1637858-S-PM21699
303403183,FU1342971-S-PM4874-XXXL
303405216,FN1287737-S-PM4874-XXL
303417821,FN1485448-S-PM4874
303425511,FM1618503-P-WH8952
303427008,FN1481803-P-WH4374
303427467,FN1191548-Z-WH5046
303399249,FM1605304-P-WH2194
303430640,FN1589894-P-WH5046
303406475,FN1373437-P-WH11422
303423097,FN1184508-P-WH4374
303403219,FM1629967-P-WH22669
303419356,Fm1597051-P-WH10719
303425857,FM1598695-P-WH22695
303429083,Fm1595801-P-WH21248
303437338,FN1477939-P-WH5046
303429083,Fm1595925-P-WH21248
303436063,FN1477940-P-WH5046
303431312,FM1606919-P-WH19706
303425789,FM1552817-P-WH19706
303433680,FN1476081-P-WH4374
303407558,FN1317463-P-WH10778
303428766,FN1293841-P-WH4374
303438093,FM1605194-P-WH2194
303431651,FN1400451-P-WH4374
303437378,FN1477943-P-WH5046
303433609,FM1614815-P-WH23775
303431502,FM1598730-P-WH22695
303413445,FN1589893-P-WH5046
303424351,FN1599085-P-WH5046
303437303,FN1619537-P-WH4374
303432699,FN1441282-P-WH4374
303435388,FN1599088-P-WH5046
303431865,FN1619536-P-WH4374
303438014,Fm1595890-P-WH21248
303434713,FN1191546-Z-WH5046
303433043,FM1515565-P-WH15607
303426792,FN1567939-P-WH18414
303425400,FN1591746-P-WH5046
303425139,FN1591747-P-WH5046
303425972,FN1191549-Z-WH5046
303428136,FN1538457-P-WH4378
303438093,FN1619533-P-WH4374
303429704,FN1619534-P-WH4374
303438093,FM1605188-P-WH2194
303426947,Fm1595996-P-WH21248
303392754,FN1520730-S-PM20599
303415842,FN1624730-S-PM20599
303424704,FN1506729-S-PM2654
303428486,Fm1598473-P-WH22669
303435812,FN1477940-P-WH5046
303435768,FN1589893-P-WH5046
303434551,FN1473777-P-WH5046
303425500,FM1605219-P-WH2194
303438071,FN1191532-Z-WH5046
303434088,FM1598738-P-WH22695
303431046,FM1301733-P-WH8952
303443254,FN1600246-P-WH19573
303439669,FN1600248-P-WH19573
303431702,FM1598763-P-WH22695
303428538,Fm1595811-P-WH21248
303442867,FN1441292-P-WH4374
303436166,FN1617472-P-WH4374
303435153,FN1475604-P-WH5046
303387374,FN1476823-S-PM20401
303445151,FN1477943-P-WH5046
303434717,FN1184759-P-WH4378
303427753,FM1598766-P-WH22695
303444163,FN1600249-P-WH19573
303427753,Fm1604090-P-WH10868
303427753,FM1602200-P-WH7173
303427753,FM1620405-P-WH9047
303425915,FN1515242-P-WH11070
303425318,Fm1597049-P-WH10719
303442826,FM1618483-P-WH19589
303444793,FN1619541-P-WH4374
303430617,FN1597549-P-WH5046
303434006,Fm1595958-P-WH21248
303448839,FN1400451-P-WH4374
303415678,FN1613074-S-PM20599
303441303,FN1477940-P-WH5046
303442489,FN1191547-Z-WH5046
303438014,FM1532911-P-WH10868
303440917,FN1580236-P-WH21286
303445391,FN1546910-P-WH14936
303444121,FN1191605-Z-WH5046
303430211,FM1620408-P-WH9047
303444121,FN1600253-P-WH19573
303428538,FN1637858-S-PM21699
303447911,FN1476079-P-WH4374
303441381,Fm1597273-P-WH15338
303443386,FM1629967-P-WH22669
303445235,Fm1595957-P-WH21248
303445393,FN1481796-P-WH4374
303431685,FM1598752-P-WH22695
303442187,FM1475728-P-WH8952
303446617,FN1441298-P-WH4374
303431574,FM1602452-P-WH7173
303449541,FN1184508-P-WH4374
303445516,FN1591746-P-WH5046
303428718,FM1314210-P-WH2194
303428718,FM1628307-P-WH2203
303428718,Fm1595807-P-WH21248
303444049,FM1598690-P-WH22695
303447911,FN1481807-P-WH4374
303446943,FN1191548-Z-WH5046
303447911,FN1476086-P-WH4374
303432353,FN1631198-S-PM20522
303432689,FN1621036-S-PM21699
303433430,FN1479871-S-PM8819
303426896,FN1611120-S-PM18233-72 x 72
303426797,FN1613075-S-PM20599
303442248,FM1476212-P-WH7173
303431445,FN1567943-P-WH18414
303448436,FN1477940-P-WH5046
303446559,FN1631168-P-WH4378
303447016,FN1359863-Z-WH5046
303444917,Fm1597048-P-WH10719
303454900,FN1578460-P-WH19573
303456077,FN1191545-Z-WH5046
303458908,FN1584699-P-WH19573
303452567,FM1629962-P-WH22669
303440217,FN1638609-S-PM6151
303437526,FN1577851-S-PM16394
303442489,FN1191542-Z-WH5046
303448297,FN1547229-P-WH11070
303448297,Fm1597096-P-WH10719
303448297,Fm1597104-P-WH10719
303440498,FN1606789-P-WH18414
303456130,FM1605185-P-WH2194
303452487,FM1629967-P-WH22669
303446584,FN1519340-P-WH5046
303448226,FN1473775-P-WH5046
303449747,FN1191545-Z-WH5046
303448193,FM1598765-P-WH22695
303445377,FN1191548-Z-WH5046
303440338,FN1373448-P-WH11422
303448414,FN1191545-Z-WH5046
303442168,FN1293839-P-WH4374
303444650,FN1499144-P-WH4374
303445151,FN1481807-P-WH4374
303455147,FN1441296-P-WH4374
303412852,FN1613516-S-PM22522
303457685,FN1584699-P-WH19573
303448534,FN1373438-P-WH11422
303454132,FN1191605-Z-WH5046
303449179,FN1533808-P-WH4374
303437445,FN1638595-S-PM6151
303458714,FN1495217-P-WH4378
303454111,FN1481807-P-WH4374
303455046,FN1477940-P-WH5046
303447911,FM1357140-P-WH4527
303458422,Fm1596003-P-WH21248
303457384,FN1191548-Z-WH5046
303458948,FN1637588-P-WH23732
303458534,FN1619984-P-WH23732
303459786,FN1481807-P-WH4374
303460550,FN1481807-P-WH4374
303454293,FN1567944-P-WH18414
303448193,FM1598728-P-WH22695
303455089,FN1477939-P-WH5046
303457478,FN1359841-Z-WH5046
303427340,FN1613077-S-PM20599
303428515,FN1610672-S-PM21699
303446720,FN1506735-S-PM2654
303444720,FN1621061-S-PM21699
303448023,FN1617474-S-PM18233
303449457,FM1216069-P-WH2197
303456128,FN1373451-P-WH11422
303450704,FM1602455-P-WH7173
303448722,FN1477940-P-WH5046
303444547,FN1567995-P-WH5046
303457481,FN1481807-P-WH4374
303456126,FN1481807-P-WH4374
303448843,FN1477939-P-WH5046
303454080,FN1499147-P-WH4374
303448388,FN1571333-P-WH18414
303452235,Fm1595916-P-WH21248
303451537,FN1475607-P-WH5046
303451926,FM1598728-P-WH22695
303450010,FN1578459-P-WH19573
303452032,FM1429650-P-WH12088
303449334,FN1492469-P-WH12241
303463726,FN1519218-P-WH22580
303448495,FN1373421-P-WH11422
303450217,FN1191547-Z-WH5046
303454847,FN1359841-Z-WH5046
303457299,FN1184508-P-WH4374
303458350,FN1191542-Z-WH5046
303453452,FM1367187-P-WH8952
303459964,FM1458016-P-WH14875
303458536,FN1619533-P-WH4374
303451221,FN1184761-P-WH4378
303456750,FM1605338-P-WH2194
303456928,FM1595360-P-WH22502
303457638,FN1600248-P-WH19573
303456130,FM1618497-P-WH19589
303462213,FN1580225-P-WH13363
303454838,FN1359480-P-WH11422
303456035,FN1359851-Z-WH5046
303457072,FN1472201-P-WH11070
303452487,Fm1598492-P-WH22669
303455491,FN1400449-P-WH4374
303455301,FN1191604-Z-WH5046
303453606,FN1373438-P-WH11422
303454936,FN1477939-P-WH5046
303453792,FM1628307-P-WH2203
303444121,FM1605185-P-WH2194
303457161,FM1602211-P-WH7173
303453359,FN1169373-P-WH4378
303452487,FN1580211-P-WH13363
303455491,FM1610707-P-WH19589
303456068,FM1605336-P-WH2194
303456469,FN1191548-Z-WH5046
303449487,FN1567946-P-WH18414
303462261,FN1477939-P-WH5046
303458908,FN1359841-Z-WH5046
303448362,FM1591727-P-WH21497
303456913,FM1353354-P-WH8833
303420642,FN1611014-S-PM18233-78 x 36
303448498,FN1617491-S-PM18233
303449864,FN1611027-S-PM18233-75 x 60
303447619,FN1482798-S-PM16998
303424758,FN1625796-S-PM22776
303428517,FN1625795-S-PM22776
303460430,FM1607404-P-WH17109
303450450,FM1586739-P-WH7173
303463174,FN1477940-P-WH5046
303461280,FN1477940-P-WH5046
303448226,FN1293839-P-WH4374
303455470,FM1602213-P-WH7173
303455672,FN1373421-P-WH11422
303462940,FN1481807-P-WH4374
303461990,FN1293841-P-WH4374
303440036,FN1609229-S-PM22933
303456813,FM1353382-P-WH2203
303460089,FM1533916-P-WH19589
303451932,FN1638609-S-PM6151
303456899,FM1304104-P-WH2203
303457038,FN1441291-P-WH4374
303462705,FM1586475-P-WH19706
303459401,FN1617472-P-WH4374
303465195,FN1441296-P-WH4374
303462633,FN1499147-P-WH4374
303462633,FN1441284-P-WH4374
303460814,FM1605334-P-WH2194
303451453,FN1599650-P-WH10827
303448755,FN1314512-S-PM6151
303463729,FN1481807-P-WH4374
303465163,FN1481807-P-WH4374
303457123,FM1618503-P-WH8952
303456205,Fm1597051-P-WH10719
303458739,FN1600249-P-WH19573
303458106,FN1492483-P-WH11422
303451669,Fm1595884-P-WH21248
303456973,FM1618497-P-WH19589
303453042,FM1618486-P-WH19589
303451453,FM1618503-P-WH8952
303455340,Fm1597053-P-WH10719
303460157,FN1327890-P-WH9065
303456608,FN1441296-P-WH4374
303464807,FN1373414-P-WH11422
303465464,FN1184508-P-WH4374
303451771,FN1472201-P-WH11070
303454303,FN1591747-P-WH5046
303458539,Fm1610153-P-WH2203
303456130,FM1367187-P-WH8952
303461442,FN1499144-P-WH4374
303463980,FN1596448-P-WH5046
303456130,FM1618490-P-WH19589
303465567,RT1639606-P-WH5046
303461708,FN1596418-P-WH5046
303462557,FN1499147-P-WH4374
303455039,FN1471586-P-WH4374
303464828,FN1373431-P-WH11422
303455039,FN1600247-P-WH19573
303455922,Fm1595955-P-WH21248
303467231,FM1618519-P-WH2203
303460630,FN1584697-P-WH19573
303454838,FN1362023-P-WH11422
303468300,FN1476081-P-WH4374
303466448,FN1477939-P-WH5046
303456130,FM1112317-P-WH10358
303468892,Fm1595893-P-WH21248
303460925,FM1618490-P-WH19589
303459662,FM1608901-P-WH2203
303462764,FN1600247-P-WH19573
303462049,FM1304127-P-WH2203
303460471,FM1605185-P-WH2194
303460471,Fm1597247-P-WH15338
303466309,FN1481807-P-WH4374
303468399,FN1481807-P-WH4374
303468891,FN1481807-P-WH4374
303446092,FN1608288-S-PM22495
303462049,FN1473370-P-WH5046
303467498,FN1477944-P-WH5046
303461730,FM1598731-P-WH22695
303459761,FN1600250-P-WH19573
303462463,FN1578749-P-WH19137
303462261,FN1477940-P-WH5046
303459443,FN1481795-P-WH4374
303453883,FN1599087-P-WH5046
303462978,FN1499144-P-WH4374
303456840,FN1191535-Z-WH5046
303450220,FN1470779-P-WH4378
303452567,Fm1598484-P-WH22669
303468478,FN1481807-P-WH4374
303465748,FN1481807-P-WH4374
303452567,Fm1595844-P-WH21248
303464641,FN1481807-P-WH4374
303465520,FN1475604-P-WH5046
303464250,FN1441285-P-WH4374
303464545,FM1476211-P-WH7173
303459841,FM1621556-P-WH19589
303457329,FM1307995-P-WH10718
303454417,FN1637853-S-PM21699
303448892,FN1287737-S-PM4874-XXL
303452241,FN1621035-S-PM21699
303460057,FN1621071-S-PM21699
303464338,FN1637855-S-PM21699
303463476,FN1366256-S-PM9002
303410803,FN1534418-S-PM8819
303451910,FN1191547-Z-WH5046
303464500,FM1618505-P-WH2203
303464213,FN1477945-P-WH5046
303459971,FN1567994-P-WH5046
303465921,FN1578741-P-WH19137
303450689,Fm1598437-P-WH22669
303463976,FN1492488-P-WH11422
303472020,FN1476079-P-WH4374
303468658,FN1587873-P-WH19573
303450704,FM1629970-P-WH22669
303462215,FN1475605-P-WH5046
303461198,FN1373451-P-WH11422
303451426,FN1531431-P-WH19573
303462215,FN1441296-P-WH4374
303457694,FN1481807-P-WH4374
303463784,FN1473370-P-WH5046
303458798,FN1184508-P-WH4374
303458653,FN1184508-P-WH4374
303463582,FN1362025-P-WH11422
303461656,FN1475607-P-WH5046
303459625,FN1373431-P-WH11422
303462110,FN1477939-P-WH5046
303455231,FN1475604-P-WH5046
303459649,FN1373438-P-WH11422
303451426,FN1531428-P-WH19573
303459226,FM1620414-P-WH9047
303457618,FM1089932-P-WH6418
303452612,FN1423704-P-WH18307
303466090,FM1629968-P-WH22669
303471594,FN1423702-P-WH18307
303470119,FN1191535-Z-WH5046
303470240,FN1191535-Z-WH5046
303467907,FN1191535-Z-WH5046
303470119,FN1499143-P-WH4374
303471880,FN1476083-P-WH4374
303463786,FM1216078-P-WH11938
303466225,FN1477945-P-WH5046
303459982,FN1589895-P-WH5046
303459982,FN1359841-Z-WH5046
303471932,FN1359841-Z-WH5046
303469370,FM1605211-P-WH2194
303463927,FN1615585-P-WH4378
303463976,FN1492483-P-WH11422
303471616,FN1476081-P-WH4374
303465763,FM1476214-P-WH7173
303433427,FN1586412-S-PM21487
303401947,FN1609208-S-PM22933
303454692,FN1600250-P-WH19573
303460603,FN1191546-Z-WH5046
303466265,FN1184508-P-WH4374
303466054,FN1475604-P-WH5046
303444644,FM1475728-P-WH8952
303464652,FM1476213-P-WH7173
303431517,FM1598763-P-WH22695
303459226,FM1620407-P-WH9047
303462985,FN1495217-P-WH4378
303464111,FM1621944-P-WH14875
303470738,FN1499144-P-WH4374
303467849,FN1359841-Z-WH5046
303467399,FN1600250-P-WH19573
303467399,FN1477939-P-WH5046
303465883,FN1475607-P-WH5046
303466020,FN1495217-P-WH4378
303467236,FN1495769-P-WH14936
303460956,FM1504853-P-WH2194
303462233,FM1608899-P-WH2203
303473277,FN1184508-P-WH4374
303471465,FN1472201-P-WH11070
303468957,FN1473370-P-WH5046
303467684,FN1481803-P-WH4374
303460188,Fm1595881-P-WH21248
303467719,FN1477940-P-WH5046
303460971,FN1518770-P-WH11422
303465888,FM1357148-P-WH2203
303469057,FN1191542-Z-WH5046
303468518,FN1499141-P-WH4374
303465837,FN1191545-Z-WH5046
303469057,FN1477940-P-WH5046
303462705,FM1552817-P-WH19706
303463825,FN1476079-P-WH4374
303458382,FN1481800-P-WH4374
303465707,FN1481807-P-WH4374
303463825,FN1476081-P-WH4374
303468060,FN1477940-P-WH5046
303466017,FN1499147-P-WH4374
303464182,FM1502577-P-WH18110
303467710,FN1475604-P-WH5046
303465707,FN1476083-P-WH4374
303468845,FM1476212-P-WH7173
303470006,FM1503006-P-WH14875
303467732,FN1600254-P-WH19573
303469327,FN1441295-P-WH4374
303467772,FN1545637-P-WH5046
303467732,FN1608920-P-WH15766
303471647,FN1499142-P-WH4374
303467519,FN1561745-S-PM4620
303471655,FN1477940-P-WH5046
303473695,FN1477940-P-WH5046
303470119,FN1481807-P-WH4374
303469485,FM1629969-P-WH22669
303412196,FN1617884-S-PM21487
303470006,FM1503005-P-WH14875
303469406,Fm1595843-P-WH21248
303472652,FM1476214-P-WH7173
303450689,Fm1604096-P-WH10868
303464896,FN1481799-P-WH4374
303445454,FM1598764-P-WH22695
303468317,FN1533808-P-WH4374
303464288,FN1531434-P-WH19573
303434288,FN1620984-P-WH11422
303470963,FM1618490-P-WH19589
303477919,FN1477940-P-WH5046
303474597,FN1477940-P-WH5046
303472040,FN1477940-P-WH5046
303473379,FN1481807-P-WH4374
303471840,FN1481800-P-WH4374
303470366,FN1475607-P-WH5046
303471652,FN1476085-P-WH4374
303470808,FN1058837-P-WH4374
303468032,FN1596448-P-WH5046
303469480,Fm1624027-P-WH22669
303467485,FN1366254-S-PM9002
303431517,FM1602160-P-WH21497
303464073,FN1600254-P-WH19573
303477425,FM1608812-P-WH11393
303476709,FM1618504-P-WH8952
303461354,FM1605309-P-WH2194
303475590,FN1481807-P-WH4374
303477662,FN1477940-P-WH5046
303472534,FN1475604-P-WH5046
303474115,FN1475604-P-WH5046
303476816,Fm1595961-P-WH21248
303464405,FN1470746-S-PM20814
303455217,FN1622219-S-PM8534
303456305,FN1625795-S-PM22776
303462856,FN1625796-S-PM22776
303456140,FN1625780-S-PM22776
303456725,FN1625780-S-PM22776
303452236,FN1610840-S-PM18233-78 x 72
303456334,FN1611120-S-PM18233-78 x 72
303461323,FN1610818-S-PM18233-75 x 36
303465149,FN1611081-S-PM18233-72 x 60
303466672,FN1509272-S-PM7026
303444139,FN1610672-S-PM21699
303425122,FN1622222-S-PM8534
303378956,FN1581987-S-PM20697
303390281,FN1597835-S-PM20697
303431448,FN1579187-S-PM20697
303461108,FN1500467-S-PM20522
303447223,FN1487251-S-PM20616
303459226,FN1613755-S-PM4874
303431911,FN1625785-S-PM22776
303439191,FN1613075-S-PM20599
303458468,FN1613076-S-PM20599
303460450,FN1625796-S-PM22776
303392006,FN1597828-S-PM20697
303458681,FN1509178-S-PM7026
303463314,FN1611081-S-PM18233-78 x 60
303472336,FN1481807-P-WH4374
303469385,FN1600246-P-WH19573
303475177,FM1476212-P-WH7173
303474770,FN1545637-P-WH5046
303478369,FN1481796-P-WH4374
303476446,FN1481796-P-WH4374
303477038,FN1481807-P-WH4374
303476853,FN1481807-P-WH4374
303477341,FN1477940-P-WH5046
303471868,FN1492483-P-WH11422
303476803,FN1373438-P-WH11422
303475305,FN1499144-P-WH4374
303470700,FN1600249-P-WH19573
303472691,FN1191604-Z-WH5046
303465928,Fm1597206-P-WH15338
303474374,FN1373443-P-WH11422
303473283,Fm1595851-P-WH21248
303478753,Fm1597249-P-WH15338
303478768,FN1616989-P-WH5046
303478970,FN1359844-Z-WH5046
303456913,FM1629964-P-WH22669
303469031,FM1629962-P-WH22669
303456913,Fm1595800-P-WH21248
303467646,FN1597692-P-WH14936
303466615,FM1533915-P-WH19589
303471761,FM1618481-P-WH19589
303464555,FN1373454-P-WH11422
303469201,FN1584699-P-WH19573
303466655,FM1604123-P-WH10868
303466242,Fm1600685-P-WH19706
303456130,FM1425943-P-WH15607
303472053,FN1359841-Z-WH5046
303469307,FN1400445-P-WH4374
303466655,Fm1597180-P-WH10719
303464120,FM1625409-P-WH21497
303464120,FN1584695-P-WH19573
303464120,FM1602457-P-WH7173
303475575,FN1298507-Z-WH5046
303467135,FN1620821-P-WH4378
303472053,FN1191535-Z-WH5046
303471448,FM1305290-P-WH10873
303470112,FM1533916-P-WH19589
303471935,FN1578459-P-WH19573
303478664,FN1473777-P-WH5046
303475262,FN1587874-P-WH19573
303474285,FN1476080-P-WH4374
303480660,FN1476080-P-WH4374
303456130,FM1550383-P-WH21498
303464120,FM1458244-P-WH2194
303464120,FM1628308-P-WH2203
303480515,FM1598690-P-WH22695
303464120,FM1533644-P-WH4248
303464120,Fm1595890-P-WH21248
303464120,FN1584696-P-WH19573
303471889,FN1481800-P-WH4374
303464120,FM1552822-P-WH19706
303476695,FN1615584-P-WH4378
303470671,FM1585558-P-WH8833
303459982,FN1477940-P-WH5046
303470882,FN1477940-P-WH5046
303469260,FN1477940-P-WH5046
303459778,Fm1604083-P-WH10868
303459778,Fm1604081-P-WH10868
303476604,Fm1596923-P-WH8834
303473503,FN1400452-P-WH4374
303473503,FN1586198-P-WH4374
303477922,FN1586198-P-WH4374
303474343,FN1191546-Z-WH5046
303469178,FN1596405-P-WH5046
303480107,FN1359478-P-WH11422
303469480,Fm1624028-P-WH22669
303475052,FN1584699-P-WH19573
303466345,FM1607077-P-WH10868
303481565,FN1477940-P-WH5046
303480344,FN1477940-P-WH5046
303480892,FN1615582-P-WH4378
303478217,FN1169373-P-WH4378
303470698,FN1373446-P-WH11422
303481061,FN1359478-P-WH11422
303476066,FN1191542-Z-WH5046
303481531,Fm1596898-P-WH8834
303470515,FN1361998-P-WH11422
303478092,FN1441296-P-WH4374
303473836,FN1184759-P-WH4378
303444644,FM1618503-P-WH8952
303482627,FN1359841-Z-WH5046
303480303,FN1359841-Z-WH5046
303480313,FN1359841-Z-WH5046
303482167,FN1359841-Z-WH5046
303481401,FN1191542-Z-WH5046
303481519,FN1475607-P-WH5046
303482230,FN1191541-Z-WH5046
303478481,FN1184508-P-WH4374
303480477,FN1477945-P-WH5046
303480858,FN1359851-Z-WH5046
303478833,FN1542353-P-WH1210
303477427,FM1523380-P-WH8952
303481673,FM1528456-P-WH4248
303479986,FM1523380-P-WH8952
303476757,FN1477943-P-WH5046
303480292,FN1599085-P-WH5046
303478756,FN1499144-P-WH4374
303478910,FN1373431-P-WH11422
303479092,FN1476083-P-WH4374
303478427,FN1599081-P-WH5046
303482591,FN1599081-P-WH5046
303483124,FN1599081-P-WH5046
303480809,FN1475607-P-WH5046
303480859,FN1475607-P-WH5046
303482783,FN1475607-P-WH5046
303479791,FN1359851-Z-WH5046
303479230,FN1481803-P-WH4374
303481966,FN1481803-P-WH4374
303479405,FN1476081-P-WH4374
303478427,FN1499148-P-WH4374
303472683,FN1471586-P-WH4374
303480633,FN1441295-P-WH4374
303483203,FN1359840-Z-WH5046
303477668,FN1476083-P-WH4374
303480042,FN1191546-Z-WH5046
303481371,FN1359841-Z-WH5046
303482713,FN1477945-P-WH5046
303482184,FN1499142-P-WH4374
303476803,FN1490759-P-WH11422
303475878,FN1441301-P-WH4374
303474966,FN1191546-Z-WH5046
303475859,FN1191546-Z-WH5046
303479467,FN1293841-P-WH4374
303472778,FN1476085-P-WH4374
303477300,FN1359480-P-WH11422
303477482,FN1191542-Z-WH5046
303480165,FN1477940-P-WH5046
303472866,FM1476210-P-WH7173
303478934,FN1584390-P-WH18414
303475412,FN1596405-P-WH5046
303481179,Fm1597052-P-WH10719
303478833,FN1488439-P-WH10827
303477102,FN1600505-P-WH4378
303478054,FN1476086-P-WH4374
303475572,FN1599520-P-WH4378
303471115,FN1481796-P-WH4374
303481498,FN1593707-P-WH5046
303472281,FN1597558-P-WH5046
303475439,FN1191535-Z-WH5046
303477008,FN1359847-Z-WH5046
303470790,FN1622065-P-WH4378
303479449,FN1477940-P-WH5046
303481393,FN1477940-P-WH5046
303481946,FN1477940-P-WH5046
303482402,FN1477940-P-WH5046
303480356,FN1477940-P-WH5046
303479609,FN1293841-P-WH4374
303474237,FM1528456-P-WH4248
303481998,FN1499142-P-WH4374
303471652,FN1591929-P-WH4374
303474466,FM1605313-P-WH2194
303445454,FN1580208-P-WH21286
303471607,FN1477940-P-WH5046
303473520,FN1477940-P-WH5046
303472268,FN1477940-P-WH5046
303474344,FN1477940-P-WH5046
303471545,FN1477940-P-WH5046
303466307,FN1184508-P-WH4374
303464261,FN1191535-Z-WH5046
303468315,FN1477940-P-WH5046
303468204,FN1477940-P-WH5046
303471593,FN1481800-P-WH4374
303471599,FN1477944-P-WH5046
303482806,FN1481796-P-WH4374
303481112,FN1481796-P-WH4374
303479205,FN1481796-P-WH4374
303478028,FN1599085-P-WH5046
303477066,FN1477940-P-WH5046
303472169,FN1499144-P-WH4374
303478500,FN1477944-P-WH5046
303478393,FN1191541-Z-WH5046
303482775,FN1476081-P-WH4374
303458716,Fm1595803-P-WH21248
303458716,FM1618504-P-WH8952
303476728,FM1575204-P-WH19589
303474636,FM1618504-P-WH8952
303472036,Fm1597249-P-WH15338
303468634,FN1184508-P-WH4374
303467726,FN1534390-P-WH18414
303482775,FN1499141-P-WH4374
303482204,FN1477943-P-WH5046
303481830,FN1481799-P-WH4374
303468752,FN1481807-P-WH4374
303466180,FN1481807-P-WH4374
303468432,FN1481807-P-WH4374
303469009,FN1481807-P-WH4374
303470017,FN1481807-P-WH4374
303441635,FN1481807-P-WH4374
303465208,FN1617472-P-WH4374
303465119,FN1441296-P-WH4374
303464778,FN1191608-Z-WH5046
303465119,FN1471586-P-WH4374
303465270,FN1600254-P-WH19573
303459515,FM1607409-P-WH17109
303467472,FM1284304-P-WH2194
303466355,FN1373433-P-WH11422
303473039,FN1475607-P-WH5046
303481257,Fm1596952-P-WH8834
303481531,FM1598725-P-WH22695
303480986,FN1359863-Z-WH5046
303480588,FN1373431-P-WH11422
303481565,FN1373431-P-WH11422
303473611,FM1605220-P-WH2194
303482003,Fm1595835-P-WH21248
303481600,FN1373448-P-WH11422
303481565,FN1373448-P-WH11422
303481411,FN1373448-P-WH11422
303481797,FN1481799-P-WH4374
303480862,FN1441286-P-WH4374
303474936,FN1472201-P-WH11070
303481519,FN1441296-P-WH4374
303482230,FN1473777-P-WH5046
303477974,FN1600247-P-WH19573
303481622,FN1298507-Z-WH5046
303479253,Fm1597179-P-WH10719
303480588,FN1373451-P-WH11422
303479209,FN1441280-P-WH4374
303481519,FN1400450-P-WH4374
303479612,FN1617385-P-WH12135
303473389,FM1472069-P-WH10868
303464182,FN1608695-P-WH1210
303482778,FM1598725-P-WH22695
303478617,FN1477940-P-WH5046
303463777,FN1600249-P-WH19573
303479086,FN1476086-P-WH4374
303479109,FN1359841-Z-WH5046
303481515,FN1477945-P-WH5046
303482306,FN1232847-P-WH4378
303479086,FN1476079-P-WH4374
303469267,Fm1597211-P-WH15338
303479109,FN1567994-P-WH5046
303477667,FN1359841-Z-WH5046
303480035,FN1191546-Z-WH5046
303479086,FN1191535-Z-WH5046
303479900,FN1477940-P-WH5046
303467965,FM1623767-P-WH4248
303473906,Fm1597083-P-WH10719
303445454,Fm1605150-P-WH10718
303445454,Fm1596951-P-WH8834
303445454,FM1598738-P-WH22695
303445454,FM1620417-P-WH9047
303445454,FM1608829-P-WH11393
303473155,FN1599515-P-WH4378
303470883,FN1481807-P-WH4374
303479985,FN1499144-P-WH4374
303475242,FN1476081-P-WH4374
303475286,FN1476081-P-WH4374
303475391,FN1518776-P-WH11422
303474204,FN1584694-P-WH1210
303480957,FN1441296-P-WH4374
303479379,FN1441296-P-WH4374
303481783,FN1495217-P-WH4378
303483255,FN1495217-P-WH4378
303473192,FN1475604-P-WH5046
303476562,FN1567754-P-WH11070
303475907,FN1441296-P-WH4374
303475596,FN1441296-P-WH4374
303473503,FN1499151-P-WH4374
303473652,FN1373441-P-WH11422
303480394,FN1567994-P-WH5046
303481859,FN1567994-P-WH5046
303480641,FN1567994-P-WH5046
303482499,FN1359841-Z-WH5046
303482823,FN1477945-P-WH5046
303481135,FN1475607-P-WH5046
303480263,FN1359851-Z-WH5046
303475064,FN1602482-P-WH20861
303480892,FM1605215-P-WH2194
303479064,FM1605215-P-WH2194
303480772,FM1605219-P-WH2194
303477287,FM1605219-P-WH2194
303481503,FN1518767-P-WH11422
303482559,FN1481795-P-WH4374
303481622,FN1599084-P-WH5046
303479136,FN1599084-P-WH5046
303480895,Fm1597227-P-WH15338
303483562,FN1475607-P-WH5046
303479195,FM1585558-P-WH8833
303481565,FN1567947-P-WH18414
303481531,FM1598727-P-WH22695
303478243,FN1169380-P-WH4378
303479099,FM1608912-P-WH2203
303479615,FM1605304-P-WH2194
303481807,Fm1595800-P-WH21248
303479774,FM1605185-P-WH2194
303482212,FM1608911-P-WH2203
303482014,FM1598730-P-WH22695
303480279,FM1517216-P-WH4248
303481130,FM1605189-P-WH2194
303480480,FM1476214-P-WH7173
303486011,FN1477940-P-WH5046
303484468,FN1477940-P-WH5046
303483716,FN1477940-P-WH5046
303483877,FN1477940-P-WH5046
303484892,FN1476081-P-WH4374
303485882,FN1359841-Z-WH5046
303486011,FN1359841-Z-WH5046
303479774,FM1605194-P-WH2194
303481153,Fm1595890-P-WH21248
303485105,FM1598695-P-WH22695
303477246,FM1598749-P-WH22695
303481051,FM1476211-P-WH7173
303481367,Fm1596909-P-WH8834
303455832,FN1637254-S-PM6151
303475609,FN1637254-S-PM6151
303479173,FN1519340-P-WH5046
303482271,FN1400445-P-WH4374
303478848,FM1598698-P-WH22695
303473189,FN1578455-P-WH19573
303473638,FN1476082-P-WH4374
303472456,FN1359974-P-WH11422
303479799,FN1314517-P-WH11070
303475409,FN1584584-P-WH12241
303474295,FN1499147-P-WH4374
303480957,FN1058859-P-WH4374
303483857,FN1477940-P-WH5046
303484180,FN1359841-Z-WH5046
303482856,FN1620821-P-WH4378
303479408,FN1492486-P-WH11422
303482390,FN1441280-P-WH4374
303482999,FN1359864-Z-WH5046
303477469,FM1629964-P-WH22669
303483702,FM1605188-P-WH2194
303481437,FM1598732-P-WH22695
303475279,FN1587857-P-WH19573
303485896,FN1476081-P-WH4374
303456175,FN1314512-S-PM6151
303459549,FN1638610-S-PM6151
303473892,FM1605220-P-WH2194
303475575,FN1473782-P-WH5046
303473059,FM1458018-P-WH14875
303472987,FM1598765-P-WH22695
303478825,FM1476210-P-WH7173
303474961,FM1476210-P-WH7173
303481527,FM1476211-P-WH7173
303475102,FN1477944-P-WH5046
303479180,FN1477940-P-WH5046
303481885,FN1477940-P-WH5046
303473150,FN1400450-P-WH4374
303474488,FN1580234-P-WH21286
303481412,FN1359841-Z-WH5046
303481806,FN1373431-P-WH11422
303476921,FM1605197-P-WH2194
303456130,FN1362016-P-WH11422
303476673,FN1492479-P-WH11422
303479132,FN1519343-P-WH5046
303473311,FN1475604-P-WH5046
303472746,FN1600254-P-WH19573
303484150,FN1359841-Z-WH5046
303485369,FM1629969-P-WH22669
303478007,FN1536456-P-WH11070
303484522,FM1504853-P-WH2194
303476921,Fm1597249-P-WH15338
303457305,FN1513858-S-PM9268
303477235,FM1598725-P-WH22695
303484150,FN1477945-P-WH5046
303485561,FN1191545-Z-WH5046
303484110,FN1586198-P-WH4374
303486031,FN1400450-P-WH4374
303485369,FN1400450-P-WH4374
303484594,FN1400450-P-WH4374
303475575,FN1578746-P-WH19137
303480579,FN1359854-Z-WH5046
303480515,Fm1596909-P-WH8834
303480403,Fm1604093-P-WH10868
303468696,FN1447282-P-WH22580
303470711,FN1615872-P-WH22580
303490446,FN1451293-P-WH22580
303483982,FN1477945-P-WH5046
303486076,FN1477945-P-WH5046
303485089,FN1359863-Z-WH5046
303484746,FN1518767-P-WH11422
303482962,FN1578741-P-WH19137
303483734,FN1517544-P-WH4374
303483049,FN1184508-P-WH4374
303484070,FN1619533-P-WH4374
303484888,FN1619533-P-WH4374
303484928,FN1619533-P-WH4374
303485940,FN1492478-P-WH11422
303481437,FM1453961-P-WH19566
303481092,FN1441297-P-WH4374
303470361,FM1623783-P-WH4248
303483635,FN1590879-P-WH5046
303485436,FN1586198-P-WH4374
303479602,FN1578459-P-WH19573
303445454,FN1362016-P-WH11422
303479047,FN1477939-P-WH5046
303480696,FN1373443-P-WH11422
303478900,FN1593574-P-WH5046
303477565,FN1518779-P-WH11422
303476020,Fm1595806-P-WH21248
303485550,FM1605186-P-WH2194
303479419,FM1623766-P-WH4248
303485709,Fm1597103-P-WH10719
303480851,Fm1604096-P-WH10868
303481437,Fm1597053-P-WH10719
303481886,FN1373425-P-WH11422
303479551,FN1373453-P-WH11422
303482012,FN1373453-P-WH11422
303480072,FN1584699-P-WH19573
303486004,FM1605185-P-WH2194
303445454,FM1608814-P-WH11393
303445454,Fm1605147-P-WH10718
303445454,FM1607076-P-WH10868
303484322,Fm1598472-P-WH22669
303486006,Fm1596975-P-WH8834
303485546,FM1598725-P-WH22695
303485778,FN1600249-P-WH19573
303483182,FN1593707-P-WH5046
303478843,FN1481807-P-WH4374
303483439,FN1499146-P-WH4374
303484302,FN1184508-P-WH4374
303481756,FN1184508-P-WH4374
303485839,FN1184759-P-WH4378
303485007,FN1058837-P-WH4374
303484881,FN1232854-P-WH4378
303484302,FM1517216-P-WH4248
303481071,Fm1595843-P-WH21248
303474994,FN1600245-P-WH19573
303477029,FN1359862-Z-WH5046
303478019,FN1441291-P-WH4374
303485506,FN1473775-P-WH5046
303480877,Fm1595958-P-WH21248
303481418,FM1629971-P-WH22669
303480880,FM1607085-P-WH10868
303479353,FM1607085-P-WH10868
303481621,Fm1589343-P-WH19589
303484874,FM1605220-P-WH2194
303473554,FN1169374-P-WH4378
303474089,FM1607123-P-WH10868
303482636,FN1590876-P-WH5046
303479035,FM1605339-P-WH2194
303473611,Fm1597053-P-WH10719
303473346,Fm1596899-P-WH8834
303485439,FM1575186-P-WH19589
303397164,FN1626920-S-PM9551
303465326,FN1624728-S-PM20599
303448297,FN1610672-S-PM21699
303483352,FN1637855-S-PM21699
303464320,FN1506735-S-PM2654
303474359,FN1506729-S-PM2654
303477698,FN1582806-P-WH18307
303461323,FN1624964-S-PM22495
303461581,FN1608280-S-PM22495
303481288,FN1400445-P-WH4374
303480963,FN1400445-P-WH4374
303481283,FN1531431-P-WH19573
303482038,FN1545637-P-WH5046
303478048,FN1481800-P-WH4374
303481059,FN1475193-P-WH11070
303481043,FN1619534-P-WH4374
303478723,FN1481807-P-WH4374
303484360,FN1477945-P-WH5046
303483814,FN1475604-P-WH5046
303485594,FN1359863-Z-WH5046
303483976,FN1359863-Z-WH5046
303484312,FN1400447-P-WH4374
303485356,FN1359862-Z-WH5046
303483697,FN1599081-P-WH5046
303475379,FN1619533-P-WH4374
303484386,FN1604371-P-WH19573
303484386,FM1598725-P-WH22695
303484132,FN1499146-P-WH4374
303482758,FN1499146-P-WH4374
303484935,FN1423718-P-WH18307
303485308,FN1373451-P-WH11422
303482184,FN1567947-P-WH18414
303481179,FM1618503-P-WH8952
303475018,FM1629975-P-WH22669
303437329,FN1533806-S-PM15602
303479870,FN1589895-P-WH5046
303484386,FN1604369-P-WH19573
303484386,FN1580234-P-WH21286
303483905,FN1524343-P-WH18414
303472414,FN1359841-Z-WH5046
303481961,FN1191549-Z-WH5046
303483541,FN1191549-Z-WH5046
303484399,FN1400447-P-WH4374
303482916,FN1472201-P-WH11070
303485403,FN1477940-P-WH5046
303485304,FN1359841-Z-WH5046
303481691,FN1473370-P-WH5046
303480018,FN1531434-P-WH19573
303485360,FN1481803-P-WH4374
303479884,FN1359841-Z-WH5046
303482422,FN1359841-Z-WH5046
303480713,FN1477945-P-WH5046
303481277,FN1477945-P-WH5046
303474479,FN1481799-P-WH4374
303479884,FN1191535-Z-WH5046
303477316,FM1598725-P-WH22695
303472531,FM1618503-P-WH8952
303485589,FM1598692-P-WH22695
303479884,FN1580209-P-WH21286
303483781,FN1476081-P-WH4374
303485304,FN1476081-P-WH4374
303474385,FN1476080-P-WH4374
303482131,FN1232847-P-WH4378
303472414,FN1373433-P-WH11422
303480040,FN1191542-Z-WH5046
303482526,FN1476079-P-WH4374
303477988,FN1499143-P-WH4374
303482599,FN1499143-P-WH4374
303478870,FN1477940-P-WH5046
303482662,FN1477940-P-WH5046
303482139,FN1477940-P-WH5046
303480788,FN1441296-P-WH4374
303469338,FN1586199-P-WH4374
303479825,FN1538457-P-WH4378
303475251,FN1495217-P-WH4378
303475885,FN1495217-P-WH4378
303478003,FN1481807-P-WH4374
303472243,FN1578460-P-WH19573
303474277,FN1373443-P-WH11422
303472239,FN1184508-P-WH4374
303469338,FN1441295-P-WH4374
303479884,FN1499148-P-WH4374
303473833,FN1471586-P-WH4374
303472956,FN1638595-S-PM6151
303431637,FN1574848-S-PM15602
303481112,FN1533808-P-WH4374
303474630,FN1582806-P-WH18307
303480938,FN1373438-P-WH11422
303469423,FN1617472-P-WH4374
303469803,FN1373437-P-WH11422
303483357,FN1499146-P-WH4374
303485500,FN1477944-P-WH5046
303484705,FN1191545-Z-WH5046
303483845,FN1476082-P-WH4374
303483760,FN1362008-P-WH11422
303485439,FN1599662-P-WH4378
303481356,FM1598738-P-WH22695
303483240,FN1547722-P-WH18414
303481752,FM1586470-P-WH19706
303483291,FM1565835-P-WH7173
303474089,Fm1597096-P-WH10719
303477226,FN1608660-P-WH5760
303481609,FM1620414-P-WH9047
303481764,FM1504854-P-WH2194
303482018,Fm1595801-P-WH21248
303476816,Fm1595952-P-WH21248
303476459,FM1618503-P-WH8952
303479466,Fm1597247-P-WH15338
303485487,Fm1597100-P-WH10719
303478914,FM1618485-P-WH19589
303480770,FM1614815-P-WH23775
303475851,FM1607077-P-WH10868
303479142,FM1618503-P-WH8952
303482897,FM1629969-P-WH22669
303481599,Fm1597149-P-WH10719
303484484,FN1481803-P-WH4374
303485691,FN1599081-P-WH5046
303483571,FN1519343-P-WH5046
303483063,FN1604369-P-WH19573
303479784,FN1584699-P-WH19573
303480131,FN1619533-P-WH4374
303476816,Fm1595958-P-WH21248
303481565,FN1587875-P-WH19573
303480470,FN1499143-P-WH4374
303481356,FN1604371-P-WH19573
303484962,FM1618507-P-WH2203
303485063,FM1282572-P-WH14875
303485382,FM1618969-P-WH14875
303469812,FN1415929-P-WH9065
303485450,FN1191535-Z-WH5046
303484900,FN1599081-P-WH5046
303484343,FN1492484-P-WH11422
303488693,FN1593707-P-WH5046
303488196,FM1602150-P-WH21497
303485240,FN1400449-P-WH4374
303482780,FN1492482-P-WH11422
303480248,FM1620938-P-WH19706
303479333,FM1607409-P-WH17109
303484125,FN1597684-P-WH12135
303487856,FM1546653-P-WH7173
303480556,FN1600592-S-PM20826
303478852,Fm1597148-P-WH10719
303484900,FN1580209-P-WH21286
303479144,FN1169374-P-WH4378
303444644,FM1629966-P-WH22669
303447208,FN1409093-S-PM20826
303473903,Fm1595851-P-WH21248
303470807,FM1607835-P-WH1210
303470807,FM1425961-P-WH15607
303480246,FM1539569-P-WH21497
303480246,FN1400447-P-WH4374
303476866,FN1499141-P-WH4374
303483616,FN1184508-P-WH4374
303484885,FN1616996-P-WH5046
303478418,FN1477945-P-WH5046
303470954,Fm1597247-P-WH15338
303480220,FM1608913-P-WH2203
303470807,FM1550405-P-WH21498
303482582,FN1477940-P-WH5046
303480246,FN1441296-P-WH4374
303477012,FM1598764-P-WH22695
303465404,Fm1595932-P-WH21248
303483977,Fm1595803-P-WH21248
303470094,FM1602166-P-WH21497
303487248,Fm1595841-P-WH21248
303486454,FM1607404-P-WH17109
303489100,FM1301733-P-WH8952
303479948,FM1517216-P-WH4248
303480948,FM1476211-P-WH7173
303479005,FN1616982-P-WH5046
303479086,FN1481807-P-WH4374
303485427,FN1477945-P-WH5046
303483935,FN1475604-P-WH5046
303483709,FN1191545-Z-WH5046
303484640,FN1191542-Z-WH5046
303485519,FN1578741-P-WH19137
303484462,FN1477940-P-WH5046
303484175,FN1477940-P-WH5046
303484891,FN1477940-P-WH5046
303479840,FN1623833-P-WH4374
303478297,FN1473778-P-WH5046
303480584,FN1499150-P-WH4374
303475354,FN1373453-P-WH11422
303479959,FN1600248-P-WH19573
303485735,FN1600249-P-WH19573
303483563,FN1169374-P-WH4378
303481583,FN1599084-P-WH5046
303484511,FN1191546-Z-WH5046
303485880,FN1191540-Z-WH5046
303485140,FN1481807-P-WH4374
303485096,FN1545637-P-WH5046
303473460,FN1617035-P-WH4378
303488335,FN1545637-P-WH5046
303484051,FN1518765-P-WH11422
303474856,FN1191542-Z-WH5046
303480046,FN1359863-Z-WH5046
303485136,FM1608815-P-WH11393
303483444,FM1314210-P-WH2194
303485760,FM1504854-P-WH2194
303479478,FM1607414-P-WH17109
303479483,FN1519347-P-WH5046
303481385,FM1623765-P-WH4248
303475324,FM1618494-P-WH19589
303479924,Fm1597096-P-WH10719
303473345,Fm1604091-P-WH10868
303471588,FN1371198-P-WH18307
303474266,FN1519347-P-WH5046
303472832,FN1471586-P-WH4374
303481983,FN1477940-P-WH5046
303470446,FN1373545-P-WH12241
303471824,FN1476079-P-WH4374
303463629,FM1623784-P-WH4248
303487761,FM1578476-P-WH22004
303483183,FM1598725-P-WH22695
303483522,Fm1598474-P-WH22669
303480918,FM1504853-P-WH2194
303478589,FN1404040-P-WH14936
303487034,FM1451879-P-WH17106
303488228,FN1582606-P-WH11747
303489024,FN1359841-Z-WH5046
303486968,FN1359841-Z-WH5046
303487186,FN1359841-Z-WH5046
303487050,FN1232845-P-WH4378
303488117,FN1473370-P-WH5046
303486995,FN1586198-P-WH4374
303485557,FN1499149-P-WH4374
303489243,FN1584700-P-WH19573
303486464,FN1191542-Z-WH5046
303488872,FN1545637-P-WH5046
303477975,FN1600250-P-WH19573
303483087,FN1169373-P-WH4378
303483156,FN1597558-P-WH5046
303487715,FN1499144-P-WH4374
303486484,FN1191549-Z-WH5046
303487797,FN1373453-P-WH11422
303488649,FN1477940-P-WH5046
303488159,FN1477940-P-WH5046
303487049,FN1475607-P-WH5046
303486705,FN1518767-P-WH11422
303487815,FN1184508-P-WH4374
303488743,FN1477944-P-WH5046
303489503,FN1599085-P-WH5046
303488807,FN1460622-P-WH4374
303479444,FM1629964-P-WH22669
303484386,Fm1595882-P-WH21248
303485939,FN1580206-P-WH21286
303487746,FM1504854-P-WH2194
303485026,FN1191608-Z-WH5046
303483564,FN1191608-Z-WH5046
303487034,FN1534394-P-WH18414
303477272,FN1458687-P-WH14936
303483442,FN1591929-P-WH4374
303487537,FN1232847-P-WH4378
303489107,FN1599084-P-WH5046
303493723,FN1359841-Z-WH5046
303492881,FN1359841-Z-WH5046
303490410,FN1359841-Z-WH5046
303499217,FN1293841-P-WH4374
303494598,FN1191546-Z-WH5046
303489597,FN1191546-Z-WH5046
303484893,FN1441295-P-WH4374
303488999,FN1499142-P-WH4374
303486613,FN1373452-P-WH11422
303488382,FN1538467-P-WH4378
303486815,FN1191604-Z-WH5046
303487050,FN1485758-P-WH5046
303496880,FN1481807-P-WH4374
303485944,FN1518776-P-WH11422
303493084,FN1184508-P-WH4374
303492576,FN1184508-P-WH4374
303498937,FN1184508-P-WH4374
303496042,FN1617421-P-WH12135
303498018,FN1475607-P-WH5046
303497878,FN1475607-P-WH5046
303491864,FN1475607-P-WH5046
303490597,FN1582598-P-WH11747
303500423,FN1476081-P-WH4374
303497091,FN1476081-P-WH4374
303499748,FN1476081-P-WH4374
303490384,FN1476086-P-WH4374
303492825,FN1441282-P-WH4374
303493663,FN1476079-P-WH4374
303490087,FN1476079-P-WH4374
303497045,FN1476079-P-WH4374
303493084,FN1531434-P-WH19573
303492878,FN1359855-Z-WH5046
303489513,FN1359841-Z-WH5046
303488309,FN1359841-Z-WH5046
303489016,FN1359841-Z-WH5046
303488819,FN1586198-P-WH4374
303486220,FN1473370-P-WH5046
303486495,FN1473370-P-WH5046
303481687,FN1293841-P-WH4374
303488871,FN1584700-P-WH19573
303487045,FN1191542-Z-WH5046
303487596,FN1545637-P-WH5046
303484892,FN1476086-P-WH4374
303485426,FN1597687-P-WH12135
303486278,FN1595334-P-WH11070
303475364,FN1584700-P-WH1210
303485951,FN1477943-P-WH5046
303485857,FN1566423-P-WH5046
303446068,FN1500411-S-PM20826
303475224,FM1586470-P-WH19706
303480592,FM1602212-P-WH7173
303481153,Fm1597099-P-WH10719
303481517,FM1605219-P-WH2194
303485316,FN1475607-P-WH5046
303485981,FN1481807-P-WH4374
303483234,FN1600246-P-WH19573
303485377,FN1499142-P-WH4374
303486177,FN1599085-P-WH5046
303479053,FN1599085-P-WH5046
303486365,FN1599085-P-WH5046
303487003,FN1476079-P-WH4374
303486476,FN1476079-P-WH4374
303487384,FN1359862-Z-WH5046
303488995,FN1567947-P-WH18414
303487107,FN1481796-P-WH4374
303487762,FN1475607-P-WH5046
303488089,FN1475607-P-WH5046
303487152,FN1477945-P-WH5046
303487475,FN1599081-P-WH5046
303486777,FN1499143-P-WH4374
303485878,FN1519348-P-WH5046
303484773,FN1371227-P-WH18307
303479035,FN1409175-P-WH13363
303479355,FN1623178-P-WH4374
303488641,FM1451907-P-WH17109
303486478,FM1605307-P-WH2194
303487150,FN1184508-P-WH4374
303486601,FN1184508-P-WH4374
303489091,FN1184508-P-WH4374
303487417,FN1184508-P-WH4374
303486976,FN1184508-P-WH4374
303486172,FN1191546-Z-WH5046
303487511,FN1359480-P-WH11422
303480742,FM1602001-P-WH22879
303485981,FN1184508-P-WH4374
303484942,FN1362023-P-WH11422
303487402,FN1400447-P-WH4374
303486525,FN1169373-P-WH4378
303487202,FN1616990-P-WH5046
303488629,FN1597564-P-WH5046
303478404,FN1587870-P-WH19573
303482559,FN1586198-P-WH4374
303478942,Fm1598484-P-WH22669
303441143,FN1594526-S-PM21487
303475519,FN1597686-P-WH12135
303483615,Fm1595963-P-WH21248
303476915,FM1620422-P-WH9047
303484085,FM1605339-P-WH2194
303491780,FN1184508-P-WH4374
303487395,FN1477945-P-WH5046
303488841,FN1386621-P-WH14936
303487395,FN1359856-Z-WH5046
303478849,FN1619533-P-WH4374
303479359,FM1575180-P-WH19589
303479776,FN1373443-P-WH11422
303481885,FN1481799-P-WH4374
303486772,FN1599084-P-WH5046
303491201,FN1293841-P-WH4374
303488755,FN1586198-P-WH4374
303488495,FN1481800-P-WH4374
303486856,FN1441282-P-WH4374
303489167,FN1545637-P-WH5046
303480403,Fm1605148-P-WH10718
303464683,FM1447008-P-WH18110
303403041,FN1595227-S-PM16394
303473111,Fm1597247-P-WH15338
303480403,FM1607082-P-WH10868
303485991,Fm1595805-P-WH21248
303485741,FN1600250-P-WH19573
303464683,FM1503002-P-WH14875
303482687,FM1608900-P-WH2203
303486031,FN1400449-P-WH4374
303484779,FN1191546-Z-WH5046
303487308,FN1169373-P-WH4378
303487754,FN1593707-P-WH5046
303480403,Fm1604091-P-WH10868
303485387,FM1523380-P-WH8952
303474139,FM1376379-P-WH2203
303486865,FM1581696-P-WH18110
303481150,FN1472197-S-PM6151
303464683,FM1503006-P-WH14875
303499556,FN1400450-P-WH4374
303494072,FN1476081-P-WH4374
303305585,FM1354235-P-WH2203
303305585,Fm1604085-P-WH10868
303422589,FN1617417-S-PM22933
303500504,FN1477945-P-WH5046
303492316,FN1477945-P-WH5046
303497774,FN1477945-P-WH5046
303490812,FN1477945-P-WH5046
303495118,FN1477945-P-WH5046
303491306,FN1191546-Z-WH5046
303488963,FN1184508-P-WH4374
303487183,FN1184508-P-WH4374
303486667,FN1184508-P-WH4374
303489082,FN1184508-P-WH4374
303487302,FN1477944-P-WH5046
303487704,FN1476086-P-WH4374
303485535,FN1475607-P-WH5046
303488238,FN1596410-P-WH5046
303486474,FN1359841-Z-WH5046
303486546,FN1359841-Z-WH5046
303489020,FN1359841-Z-WH5046
303488801,FN1191541-Z-WH5046
303396113,FN1595227-S-PM16394
303423551,FN1595227-S-PM16394
303483638,FN1519343-P-WH5046
303488923,FN1590876-P-WH5046
303486867,FN1519343-P-WH5046
303486602,FM1598735-P-WH22695
303483744,FN1615582-P-WH4378
303484678,FN1578461-P-WH19573
303484692,FN1191608-Z-WH5046
303485975,Fm1595922-P-WH21248
303485765,FN1499144-P-WH4374
303490131,FN1359841-Z-WH5046
303490993,FN1359841-Z-WH5046
303497548,FN1359841-Z-WH5046
303496569,FN1359841-Z-WH5046
303493394,FN1359841-Z-WH5046
303490836,FN1359841-Z-WH5046
303492191,FN1359841-Z-WH5046
303497564,FN1359841-Z-WH5046
303492443,FN1359841-Z-WH5046
303498007,FN1359841-Z-WH5046
303497690,FN1359841-Z-WH5046
303494889,FN1359841-Z-WH5046
303477993,FN1638595-S-PM6151
303478492,FN1638596-S-PM6151
303485587,FN1638595-S-PM6151
303488187,FM1524244-P-WH19566
303456298,FM1539569-P-WH21497
303465995,FN1350521-S-PM9268
303486011,FN1373439-P-WH11422
303491343,FN1617421-P-WH12135
303483645,FN1481796-P-WH4374
303483414,FN1481796-P-WH4374
303486272,FN1499144-P-WH4374
303489187,FN1359864-Z-WH5046
303489218,FN1475604-P-WH5046
303486417,FN1475604-P-WH5046
303493080,FN1477945-P-WH5046
303493507,FN1477945-P-WH5046
303496700,FN1293841-P-WH4374
303500872,FN1293841-P-WH4374
303492266,FN1293841-P-WH4374
303484642,FM1608815-P-WH11393
303488655,FM1605185-P-WH2194
303483836,FN1371220-P-WH18307
303486913,FN1476084-P-WH4374
303492315,FN1184508-P-WH4374
303493207,FN1184508-P-WH4374
303490336,FN1184508-P-WH4374
303494879,FN1481807-P-WH4374
303500690,FN1481807-P-WH4374
303498585,FN1481807-P-WH4374
303494925,FN1481807-P-WH4374
303499617,FN1481807-P-WH4374
303496381,FN1481807-P-WH4374
303492724,FN1481807-P-WH4374
303492013,FN1481807-P-WH4374
303498099,FN1481807-P-WH4374
303497262,FN1481807-P-WH4374
303500327,FN1184508-P-WH4374
303494138,FN1184508-P-WH4374
303499415,FN1184508-P-WH4374
303493047,FN1184508-P-WH4374
303486378,FN1599084-P-WH5046
303491097,FN1580211-P-WH13363
303489234,FN1232847-P-WH4378
303485306,FN1567994-P-WH5046
303486804,FN1477945-P-WH5046
303487036,FN1477945-P-WH5046
303489074,FN1518767-P-WH11422
303488111,FN1524343-P-WH18414
303488454,FN1191546-Z-WH5046
303486971,FN1475607-P-WH5046
303486978,FN1531431-P-WH19573
303484598,FN1531431-P-WH19573
303499231,Fm1595890-P-WH21248
303500506,FN1184508-P-WH4374
303499903,FN1184508-P-WH4374
303489994,FN1184508-P-WH4374
303490561,FN1184508-P-WH4374
303490862,FN1184508-P-WH4374
303493349,FN1580205-P-WH21286
303499372,FM1604848-P-WH8833
303488035,FN1477940-P-WH5046
303486407,FN1477940-P-WH5046
303486263,FN1477940-P-WH5046
303488674,FN1477940-P-WH5046
303487102,FN1477940-P-WH5046
303486470,FN1477940-P-WH5046
303488536,FN1361998-P-WH11422
303486190,FN1619536-P-WH4374
303486840,FN1619536-P-WH4374
303493848,FN1481807-P-WH4374
303496185,FN1519683-P-WH19137
303489183,FN1330488-P-WH11070
303488848,FM1620402-P-WH9047
303484475,FM1476214-P-WH7173
303486590,FM1608815-P-WH11393
303460379,FM1550390-P-WH21498
303485296,FM1620406-P-WH9047
303489192,Fm1597253-P-WH15338
303489192,FM1605194-P-WH2194
303486974,Fm1598440-P-WH22669
303486590,FM1608811-P-WH11393
303487062,FN1578459-P-WH19573
303488024,FN1545637-P-WH5046
303476287,FM1617913-P-WH23775
303490817,FN1191545-Z-WH5046
303497880,FN1191545-Z-WH5046
303495313,FN1475607-P-WH5046
303494218,FN1475607-P-WH5046
303479382,FN1578740-P-WH19137
303469812,Fm1595986-P-WH21248
303482954,FN1499148-P-WH4374
303499900,FN1622015-P-WH23904
303487588,FN1355209-P-WH12135
303488864,FN1191604-Z-WH5046
303476287,FM1523380-P-WH8952
303490885,FN1402624-P-WH11070
303498681,FM1620929-P-WH19706
303487958,FN1476081-P-WH4374
303486682,FN1475607-P-WH5046
303489070,FN1477940-P-WH5046
303487454,FN1359847-Z-WH5046
303475270,FN1476079-P-WH4374
303480220,FN1584699-P-WH19573
303478387,FN1619540-P-WH4374
303485862,FN1184759-P-WH4378
303485016,FN1477940-P-WH5046
303485616,FN1477940-P-WH5046
303480536,FN1492487-P-WH11422
303487413,FM1598690-P-WH22695
303473903,FM1605220-P-WH2194
303477548,FM1606919-P-WH19706
303480060,FN1637254-S-PM6151
303483578,FN1515238-S-PM6151
303492928,FN1400450-P-WH4374
303493077,FN1441282-P-WH4374
303491188,FN1191549-Z-WH5046
303498151,FN1191549-Z-WH5046
303499445,FN1293841-P-WH4374
303490117,FN1593707-P-WH5046
303496632,FN1600250-P-WH19573
303502034,FM1629969-P-WH22669
303493237,Fm1598495-P-WH22669
303487248,FM1601740-P-WH22879
303498396,FN1481807-P-WH4374
303487470,FN1476086-P-WH4374
303486485,FN1519343-P-WH5046
303488989,FN1473370-P-WH5046
303492432,FN1191545-Z-WH5046
303491147,FN1191545-Z-WH5046
303489494,FN1475607-P-WH5046
303500576,FN1475607-P-WH5046
303495002,FN1475607-P-WH5046
303490488,FN1359841-Z-WH5046
303489384,FN1359841-Z-WH5046
303490762,FN1359841-Z-WH5046
303487078,FN1524343-P-WH18414
303488124,FN1599081-P-WH5046
303494137,FN1477945-P-WH5046
303489492,FN1298507-Z-WH5046
303477344,FN1613515-S-PM22522
303481518,FN1595225-S-PM16394
303486454,FM1524485-P-WH8952
303496879,FN1184508-P-WH4374
303489534,FN1184508-P-WH4374
303500043,FN1184508-P-WH4374
303484712,Fm1598429-P-WH22669
303488481,FN1441282-P-WH4374
303488789,FN1477940-P-WH5046
303487072,FN1477940-P-WH5046
303493986,FN1477940-P-WH5046
303492610,FN1477940-P-WH5046
303491930,FN1477940-P-WH5046
303491295,FN1477940-P-WH5046
303494230,FN1477940-P-WH5046
303495051,FN1477940-P-WH5046
303495277,FN1600250-P-WH19573
303501755,FN1600248-P-WH19573
303497840,FN1600248-P-WH19573
303497840,FN1600253-P-WH19573
303499295,FN1441295-P-WH4374
303498396,FN1620821-P-WH4378
303495760,FN1441294-P-WH4374
303491865,FN1499146-P-WH4374
303492676,FN1191542-Z-WH5046
303496082,FN1499143-P-WH4374
303502656,FN1184508-P-WH4374
303502648,FN1184508-P-WH4374
303496408,FN1619535-P-WH4374
303496005,FM1354147-P-WH8833
303491436,FN1619541-P-WH4374
303498396,FN1580233-P-WH21286
303495764,FM1533915-P-WH19589
303492280,FM1533915-P-WH19589
303496797,FN1359841-Z-WH5046
303489358,FN1359841-Z-WH5046
303496954,FN1359841-Z-WH5046
303495082,FN1359841-Z-WH5046
303495884,FN1359841-Z-WH5046
303496922,FN1359841-Z-WH5046
303496615,FN1359841-Z-WH5046
303498275,FN1359841-Z-WH5046
303489770,FN1359841-Z-WH5046
303497231,FN1359841-Z-WH5046
303494990,FN1359841-Z-WH5046
303491601,FN1359841-Z-WH5046
303495422,FN1359841-Z-WH5046
303499042,FN1191545-Z-WH5046
303494662,FN1191545-Z-WH5046
303496784,FN1191545-Z-WH5046
303492131,FN1191545-Z-WH5046
303491554,FN1475607-P-WH5046
303493791,FN1475607-P-WH5046
303497947,FN1475607-P-WH5046
303495998,FN1475607-P-WH5046
303496945,FN1475607-P-WH5046
303493567,FN1475607-P-WH5046
303499345,FN1475607-P-WH5046
303491927,FN1475607-P-WH5046
303491542,FN1475607-P-WH5046
303492200,FN1475607-P-WH5046
303489662,FN1475607-P-WH5046
303491322,FN1475607-P-WH5046
303496716,FN1475607-P-WH5046
303491430,FN1475607-P-WH5046
303495256,FN1475607-P-WH5046
303498342,FN1475607-P-WH5046
303500599,FN1475607-P-WH5046
303489763,FN1599085-P-WH5046
303492772,FN1599085-P-WH5046
303499141,FN1622018-P-WH23904
303479035,FN1293841-P-WH4374
303481356,FM1598752-P-WH22695
303488710,FN1476081-P-WH4374
303488701,FN1481800-P-WH4374
303490637,FN1476086-P-WH4374
303491280,FN1476086-P-WH4374
303498846,FN1441282-P-WH4374
303491849,FN1476079-P-WH4374
303489277,FN1531434-P-WH19573
303490040,FN1531434-P-WH19573
303497735,FN1400446-P-WH4374
303488852,FN1477940-P-WH5046
303487045,FN1477940-P-WH5046
303487003,FN1477940-P-WH5046
303488902,FN1191545-Z-WH5046
303461483,FN1595227-S-PM16394
303492047,FN1499146-P-WH4374
303478250,Fm1605472-P-WH2203
303486161,FN1359851-Z-WH5046
303486671,FN1293841-P-WH4374
303488826,FN1293841-P-WH4374
303487239,FN1476079-P-WH4374
303486835,FN1476079-P-WH4374
303486552,FN1492487-P-WH11422
303486456,FN1477943-P-WH5046
303488310,FN1191532-Z-WH5046
303487096,FN1597558-P-WH5046
303486161,FN1400447-P-WH4374
303486122,FN1359863-Z-WH5046
303486640,FN1232854-P-WH4378
303487506,FN1476081-P-WH4374
303489172,FN1476081-P-WH4374
303486695,FN1586198-P-WH4374
303498730,FM1617944-P-WH23775
303493651,FN1600253-P-WH19573
303494393,FN1540088-P-WH5046
303490143,FN1586507-P-WH11747
303500908,FN1492481-P-WH11422
303493167,FN1477940-P-WH5046
303492754,FN1477940-P-WH5046
303492633,FN1477940-P-WH5046
303491617,FN1477940-P-WH5046
303490333,FN1477940-P-WH5046
303490206,FN1477940-P-WH5046
303489944,FN1477940-P-WH5046
303489522,FN1477940-P-WH5046
303489226,FN1477940-P-WH5046
303494768,FN1477940-P-WH5046
303498297,FN1477940-P-WH5046
303500963,FN1477940-P-WH5046
303494912,FN1359851-Z-WH5046
303496138,FN1599084-P-WH5046
303484900,FN1481807-P-WH4374
303490016,FN1476086-P-WH4374
303495124,FN1476086-P-WH4374
303495153,FN1476086-P-WH4374
303492634,FN1441282-P-WH4374
303495678,FN1441282-P-WH4374
303500388,FN1441282-P-WH4374
303496579,FM1605189-P-WH2194
303489192,FM1605189-P-WH2194
303486974,Fm1596944-P-WH8834
303492114,FM1629969-P-WH22669
303439606,FN1609206-S-PM22933
303480510,Fm1596974-P-WH8834
303489357,Fm1595809-P-WH21248
303493959,FM1618969-P-WH14875
303492775,FM1598695-P-WH22695
303488896,FN1597551-P-WH5046
303496196,FN1481799-P-WH4374
303500191,FN1481799-P-WH4374
303490815,FN1481799-P-WH4374
303498767,FN1476080-P-WH4374
303503848,FN1476080-P-WH4374
303494439,FN1476080-P-WH4374
303501438,FN1590876-P-WH5046
303488636,FM1598723-P-WH22695
303491596,FN1477940-P-WH5046
303490541,FN1477940-P-WH5046
303490548,FN1477940-P-WH5046
303490126,FN1477940-P-WH5046
303489910,FN1477940-P-WH5046
303488512,FN1477940-P-WH5046
303487592,FN1477940-P-WH5046
303494637,FN1477940-P-WH5046
303495067,FN1477940-P-WH5046
303495955,FN1477940-P-WH5046
303495361,FN1477940-P-WH5046
303495452,FN1477940-P-WH5046
303498230,FN1477940-P-WH5046
303497578,FN1477940-P-WH5046
303500095,FN1477940-P-WH5046
303501050,FN1477940-P-WH5046
303501114,FN1477940-P-WH5046
303499872,FN1477940-P-WH5046
303499146,FN1477940-P-WH5046
303493752,FM1357148-P-WH2203
303502694,Fm1595882-P-WH21248
303502272,Fm1595882-P-WH21248
303504011,FM1527445-P-WH18279
303500654,FN1191542-Z-WH5046
303492319,FN1191542-Z-WH5046
303496432,FN1191542-Z-WH5046
303494495,FN1495217-P-WH4378
303497862,FN1495217-P-WH4378
303491202,FN1495217-P-WH4378
303492625,FN1495217-P-WH4378
303486834,FN1400450-P-WH4374
303498285,FN1400450-P-WH4374
303498577,FN1400450-P-WH4374
303492390,FN1481803-P-WH4374
303488701,FN1481803-P-WH4374
303488178,FN1481803-P-WH4374
303495070,FN1481803-P-WH4374
303500743,FN1481803-P-WH4374
303496479,FN1441294-P-WH4374
303498880,FN1547722-P-WH18414
303492898,FN1600253-P-WH19573
303491097,FN1499146-P-WH4374
303496106,FM1606919-P-WH19706
303498776,FM1606919-P-WH19706
303498498,FM1446482-P-WH2205
303477129,FN1580211-P-WH13363
303494879,FN1622013-P-WH23904
303500962,FN1400445-P-WH4374
303493489,FN1400445-P-WH4374
303487456,FN1400445-P-WH4374
303499390,FN1584699-P-WH19573
303491237,FN1584699-P-WH19573
303499611,FN1584699-P-WH19573
303490006,FN1584699-P-WH19573
303499357,FN1584699-P-WH19573
303498543,FN1584699-P-WH19573
303490367,FN1619540-P-WH4374
303492742,Fm1595957-P-WH21248
303490341,Fm1595957-P-WH21248
303486602,FM1598730-P-WH22695
303489192,Fm1597249-P-WH15338
303493021,FN1400450-P-WH4374
303495989,FN1400450-P-WH4374
303498921,FN1400450-P-WH4374
303500862,FN1400450-P-WH4374
303493848,FN1476079-P-WH4374
303491124,FN1476079-P-WH4374
303500742,FN1476079-P-WH4374
303494934,FN1476079-P-WH4374
303493159,FN1531434-P-WH19573
303496683,FN1531434-P-WH19573
303500962,FN1400446-P-WH4374
303489583,FN1362008-P-WH11422
303496634,FN1362008-P-WH11422
303501364,FN1545637-P-WH5046
303500515,FN1545637-P-WH5046
303501153,FN1545637-P-WH5046
303504805,FN1476079-P-WH4374
303504377,FN1476079-P-WH4374
303499231,Fm1595888-P-WH21248
303491700,FN1441295-P-WH4374
303493541,FN1441295-P-WH4374
303500949,FN1400447-P-WH4374
303496138,FN1599086-P-WH5046
303496588,FN1191542-Z-WH5046
303490857,FN1359864-Z-WH5046
303492196,FN1476081-P-WH4374
303492328,FN1476081-P-WH4374
303498837,FN1476081-P-WH4374
303491124,FN1476081-P-WH4374
303489532,FN1499141-P-WH4374
303495901,FN1499141-P-WH4374
303492874,FN1362017-P-WH11422
303495394,FN1362017-P-WH11422
303496663,FN1362017-P-WH11422
303486129,FN1184760-P-WH4378
303489532,FN1499144-P-WH4374
303484598,FN1481796-P-WH4374
303493073,FN1481796-P-WH4374
303495901,FN1473785-P-WH5046
303504169,FN1191536-Z-WH5046
303490459,FN1589893-P-WH5046
303500506,FN1582598-P-WH11747
303485629,FN1620984-P-WH11422
303484746,FN1599789-P-WH4378
303500406,FN1495217-P-WH4378
303500650,FM1605304-P-WH2194
303500743,FN1191549-Z-WH5046
303494177,FN1191549-Z-WH5046
303499150,FN1191549-Z-WH5046
303491704,FN1191549-Z-WH5046
303500662,FN1359844-Z-WH5046
303490840,FN1359844-Z-WH5046
303493857,FN1359844-Z-WH5046
303500395,FN1600248-P-WH19573
303503693,FN1481807-P-WH4374
303504278,FN1481807-P-WH4374
303504053,FN1481807-P-WH4374
303490499,FN1623830-P-WH4374
303499010,FN1623830-P-WH4374
303490334,FN1545637-P-WH5046
303488362,FN1518776-P-WH11422
303479053,FN1599086-P-WH5046
303492012,FM1475724-P-WH8952
303494311,Fm1595882-P-WH21248
303497875,Fm1595882-P-WH21248
303489868,FM1598730-P-WH22695
303499435,FM1598730-P-WH22695
303504197,FM1605304-P-WH2194
303477411,FN1191535-Z-WH5046
303496018,FN1584695-P-WH19573
303494543,FN1567947-P-WH18414
303501629,FN1567947-P-WH18414
303496998,FN1567947-P-WH18414
303487546,FN1589893-P-WH5046
303502286,FN1476079-P-WH4374
303490617,FN1578454-P-WH19573
303497988,FN1566419-P-WH5046
303496334,FN1600247-P-WH19573
303495222,FN1600249-P-WH19573
303499890,FN1600249-P-WH19573
303501254,FN1600249-P-WH19573
303492775,FN1600249-P-WH19573
303490578,FN1564502-P-WH18414
303502026,FN1608718-P-WH1210
303489162,FN1184759-P-WH4378
303491341,FN1184759-P-WH4378
303496745,FN1184759-P-WH4378
303490719,FN1584699-P-WH19573
303482797,FN1631169-P-WH4378
303485397,FN1584699-P-WH19573
303500625,FN1359851-Z-WH5046
303491571,FN1599084-P-WH5046
303493746,FN1599084-P-WH5046
303494132,FN1599084-P-WH5046
303495770,FN1599084-P-WH5046
303499400,FN1599084-P-WH5046
303499095,FN1599084-P-WH5046
303496737,FN1599084-P-WH5046
303498675,FN1599094-P-WH11422
303504518,FN1359863-Z-WH5046
303504604,FN1359863-Z-WH5046
303491869,FN1499150-P-WH4374
303492047,FN1567939-P-WH18414
303494414,FN1499143-P-WH4374
303497679,FN1499143-P-WH4374
303501328,FN1499143-P-WH4374
303502744,FN1184508-P-WH4374
303502024,FN1184508-P-WH4374
303501337,FN1184508-P-WH4374
303492898,FN1600246-P-WH19573
303501570,FN1600246-P-WH19573
303494646,FN1571334-P-WH18414
303493804,FN1571334-P-WH18414
303499969,FM1605218-P-WH2194
303466085,FN1509183-S-PM7026
303428718,FN1621088-S-PM21699
303479583,FN1470203-S-PM6673
303473329,FN1315377-S-PM8271
303444085,FN1579858-S-PM20599
303464944,FN1402779-S-PM20599
303465220,FN1402789-S-PM20599
303475479,FN1621071-S-PM21699
303481509,FN1485448-S-PM4874
303435495,FN1625793-S-PM22776
303467291,FN1625801-S-PM22776
303469187,FN1625786-S-PM22776
303471478,FN1625783-S-PM22776
303482072,FN1625791-S-PM22776
303473175,FN1506730-S-PM2654
303475090,FN1357050-S-PM8793
303440890,FN1581976-S-PM20697
303474756,FN1482558-S-PM16998-XXXL
303487414,FN1506728-S-PM2654
303488298,FN1506735-S-PM2654
303476382,FN1402790-S-PM20599
303481609,FN1402789-S-PM20599
303478426,FN1610840-S-PM18233-75 x 72
303481622,FN1501902-S-PM18233-75 x 60
303483675,FN1611081-S-PM18233-75 x 60
303481046,FN1610734-S-PM18233-75 x 60
303481080,FN1620763-S-PM20599
303447798,FN1621091-S-PM21699
303486465,FN1637855-S-PM21699
303472643,FN1617477-S-PM18233
303489145,FN1477940-P-WH5046
303489189,FN1475607-P-WH5046
303491145,FN1359864-Z-WH5046
303491576,FN1359864-Z-WH5046
303490580,FN1476086-P-WH4374
303492998,FN1476086-P-WH4374
303499690,FN1191549-Z-WH5046
303489917,FN1481803-P-WH4374
303499943,FN1400446-P-WH4374
303486869,Fm1597147-P-WH10719
303480120,FN1519713-P-WH19137
303476511,FN1477939-P-WH5046
303479587,FN1477939-P-WH5046
303480120,Fm1596941-P-WH8834
303489889,FN1477940-P-WH5046
303489581,FN1477940-P-WH5046
303498912,FN1477940-P-WH5046
303495081,FN1477940-P-WH5046
303485614,FN1617471-P-WH4374
303483554,FN1578744-P-WH19137
303490508,FN1481799-P-WH4374
303490559,FN1481799-P-WH4374
303423301,Fm1597251-P-WH15338
303473878,FN1595225-S-PM16394
303485165,FN1481796-P-WH4374
303496062,FN1184508-P-WH4374
303488715,FM1108438-P-WH9861
303497732,FN1441295-P-WH4374
303498580,FN1599500-P-WH4378
303494178,FN1184759-P-WH4378
303494474,FM1581460-P-WH8833
303498224,FN1481799-P-WH4374
303494628,FN1582598-P-WH11747
303492825,FN1441295-P-WH4374
303498374,FN1441295-P-WH4374
303494740,FN1441295-P-WH4374
303500948,FN1400447-P-WH4374
303501977,FN1599081-P-WH5046
303493088,FN1481803-P-WH4374
303500512,FN1441294-P-WH4374
303491441,FN1499146-P-WH4374
303499741,FN1359844-Z-WH5046
303493365,FN1499142-P-WH4374
303500512,FN1586198-P-WH4374
303493431,FN1567947-P-WH18414
303491628,FN1169370-P-WH4378
303502093,FN1169370-P-WH4378
303493393,FN1586198-P-WH4374
303501448,FN1531434-P-WH19573
303500369,FN1631168-P-WH4378
303497090,FN1631168-P-WH4378
303500255,FN1619535-P-WH4374
303481174,FN1373431-P-WH11422
303489742,FN1499143-P-WH4374
303502375,FM1598730-P-WH22695
303493198,FN1477940-P-WH5046
303490542,FN1477940-P-WH5046
303490708,FN1477940-P-WH5046
303490076,FN1477940-P-WH5046
303489935,FN1477940-P-WH5046
303497361,FN1477940-P-WH5046
303495522,FN1477940-P-WH5046
303497390,FN1477940-P-WH5046
303493896,FN1600250-P-WH19573
303500125,FN1600250-P-WH19573
303494116,FN1476083-P-WH4374
303497107,FN1599084-P-WH5046
303496149,FN1599084-P-WH5046
303494885,FN1611579-P-WH19573
303487004,FN1362017-P-WH11422
303496480,FN1362017-P-WH11422
303496253,FN1184760-P-WH4378
303491628,FN1184760-P-WH4378
303491467,FN1359478-P-WH11422
303495660,FN1359478-P-WH11422
303489147,FN1473785-P-WH5046
303497681,Fm1597096-P-WH10719
303499660,Fm1597096-P-WH10719
303501912,FM1598732-P-WH22695
303497895,FM1523380-P-WH8952
303498157,FM1523380-P-WH8952
303488259,FM1575185-P-WH19589
303501370,FN1620981-P-WH11422
303493767,FN1481800-P-WH4374
303499318,FN1481800-P-WH4374
303476875,FN1379966-P-WH11070
303493069,FN1571335-P-WH18414
303493084,FN1571335-P-WH18414
303489542,FN1473777-P-WH5046
303501263,FN1475607-P-WH5046
303504002,FN1475607-P-WH5046
303504349,FN1475607-P-WH5046
303493178,FN1617389-P-WH12135
303493003,FN1617389-P-WH12135
303486209,FN1379968-P-WH11070
303500948,FN1584699-P-WH19573
303496659,FN1545637-P-WH5046
303502414,FN1567994-P-WH5046
303495272,FN1604368-P-WH19573
303486683,FN1540094-P-WH5046
303497706,FN1373415-P-WH11422
303502217,FN1508811-P-WH18414
303496450,FN1191542-Z-WH5046
303489730,FN1191542-Z-WH5046
303494848,FN1441295-P-WH4374
303492796,FN1441295-P-WH4374
303502382,FN1400447-P-WH4374
303484240,FN1191549-Z-WH5046
303483718,FN1359851-Z-WH5046
303488779,Fm1595833-P-WH21248
303494404,FN1359841-Z-WH5046
303489264,FN1359841-Z-WH5046
303484240,FN1499144-P-WH4374
303488808,FN1441282-P-WH4374
303479249,FN1582806-P-WH18307
303485416,FM1605305-P-WH2194
303484461,FN1371220-P-WH18307
303489116,FN1619533-P-WH4374
303501574,FN1184508-P-WH4374
303489730,FN1477945-P-WH5046
303500904,FN1477945-P-WH5046
303493519,FN1477945-P-WH5046
303492483,FN1191546-Z-WH5046
303483541,FN1481796-P-WH4374
303484057,FN1481796-P-WH4374
303486217,FN1518770-P-WH11422
303488808,FN1586199-P-WH4374
303486789,FN1599085-P-WH5046
303487030,FN1191542-Z-WH5046
303487568,FN1477940-P-WH5046
303487415,FN1477940-P-WH5046
303487898,FN1361998-P-WH11422
303487924,FN1475607-P-WH5046
303486137,FN1499144-P-WH4374
303486171,FN1191549-Z-WH5046
303487391,FN1441286-P-WH4374
303489603,FN1362008-P-WH11422
303490094,FN1460622-P-WH4374
303492746,FN1476085-P-WH4374
303502724,FN1476085-P-WH4374
303497444,FN1499139-P-WH4374
303489490,FN1499139-P-WH4374
303494404,FN1481800-P-WH4374
303504889,FN1481800-P-WH4374
303499155,FN1373451-P-WH11422
303493537,FN1477940-P-WH5046
303490471,FN1477940-P-WH5046
303489260,FN1477940-P-WH5046
303494523,FN1477940-P-WH5046
303495341,FN1477940-P-WH5046
303496999,FN1477940-P-WH5046
303493081,FN1477940-P-WH5046
303491651,FN1619541-P-WH4374
303491838,FN1619540-P-WH4374
303494057,FN1619533-P-WH4374
303501778,FN1619539-P-WH4374
303498200,FN1619539-P-WH4374
303488808,FN1619539-P-WH4374
303503712,FN1184508-P-WH4374
303495966,FN1524344-P-WH18414
303491853,FN1191549-Z-WH5046
303490310,FN1531434-P-WH19573
303497588,FN1400446-P-WH4374
303491805,FM1539569-P-WH21497
303490430,FN1582598-P-WH11747
303493265,FN1599084-P-WH5046
303479884,FN1600247-P-WH19573
303469709,FN1520730-S-PM20599
303502466,FN1359851-Z-WH5046
303497953,FN1567994-P-WH5046
303481451,FN1567994-P-WH5046
303491268,FN1567994-P-WH5046
303496752,FN1567994-P-WH5046
303488154,FN1567994-P-WH5046
303497229,FN1567994-P-WH5046
303502187,FN1567994-P-WH5046
303501953,FN1477943-P-WH5046
303496504,FN1477943-P-WH5046
303499746,FN1476079-P-WH4374
303492785,FN1476079-P-WH4374
303504526,FN1620981-P-WH11422
303494319,FN1620981-P-WH11422
303495399,FN1373451-P-WH11422
303500302,FN1600246-P-WH19573
303498156,FN1600255-P-WH19573
303489074,FN1441297-P-WH4374
303486160,FN1423674-P-WH18307
303487325,FN1584699-P-WH19573
303499843,Fm1597253-P-WH15338
303487258,FM1614819-P-WH23775
303476839,FM1431506-P-WH12088
303491072,FN1359862-Z-WH5046
303504286,FN1586198-P-WH4374
303501886,FN1586198-P-WH4374
303493339,FN1499139-P-WH4374
303502142,FN1477945-P-WH5046
303501241,FN1477945-P-WH5046
303504021,FN1599085-P-WH5046
303496337,FN1451122-P-WH4374
303491631,FN1451122-P-WH4374
303499317,FN1373415-P-WH11422
303488544,FN1477940-P-WH5046
303502441,FN1476086-P-WH4374
303500388,FN1441283-P-WH4374
303496995,FN1373456-P-WH11422
303492502,FN1476084-P-WH4374
303489049,FN1600250-P-WH19573
303497403,FN1600250-P-WH19573
303501917,FN1600250-P-WH19573
303489713,FM1614825-P-WH8833
303493562,FM1614825-P-WH8833
303498941,FM1605219-P-WH2194
303503922,FM1575185-P-WH19589
303504397,FN1169370-P-WH4378
303496430,FN1590879-P-WH5046
303501934,FN1499143-P-WH4374
303491631,FN1499143-P-WH4374
303501795,FN1184508-P-WH4374
303501697,FN1184508-P-WH4374
303501252,FN1184508-P-WH4374
303500388,FN1441298-P-WH4374
303502264,FN1473777-P-WH5046
303504433,FN1473777-P-WH5046
303495149,FN1473777-P-WH5046
303496783,FM1614821-P-WH23775
303502568,FN1599659-P-WH4378
303500443,FM1476214-P-WH7173
303500606,FN1441286-P-WH4374
303489682,FN1620821-P-WH4378
303500994,FN1599081-P-WH5046
303501888,FN1599081-P-WH5046
303492094,FN1599081-P-WH5046
303501233,FN1599081-P-WH5046
303495960,FN1599081-P-WH5046
303502180,FN1400447-P-WH4374
303502028,FN1481807-P-WH4374
303501608,FN1481807-P-WH4374
303501547,FN1481807-P-WH4374
303492013,FN1499140-P-WH4374
303494414,FN1499144-P-WH4374
303497746,FN1499144-P-WH4374
303493938,FN1499144-P-WH4374
303494794,FN1499144-P-WH4374
303494132,FN1499144-P-WH4374
303492728,FN1499144-P-WH4374
303502059,FN1441295-P-WH4374
303500463,FM1605219-P-WH2194
303500177,FM1605219-P-WH2194
303490190,FM1605219-P-WH2194
303497008,FN1579046-P-WH1210
303490334,FN1359863-Z-WH5046
303494826,FN1359863-Z-WH5046
303491578,FN1359863-Z-WH5046
303483658,FN1359863-Z-WH5046
303494787,FN1359863-Z-WH5046
303489303,FN1359863-Z-WH5046
303491097,FN1499142-P-WH4374
303493551,FN1499142-P-WH4374
303498907,FN1499142-P-WH4374
303484758,FM1620769-P-WH11393
303489707,FM1605185-P-WH2194
303503667,FM1517216-P-WH4248
303498125,FM1517216-P-WH4248
303493067,Fm1597247-P-WH15338
303499526,FN1169375-P-WH4378
303496171,FN1620820-P-WH4378
303500274,Fm1597247-P-WH15338
303500058,FN1476085-P-WH4374
303502741,FN1476085-P-WH4374
303498767,FN1476085-P-WH4374
303493551,FN1477943-P-WH5046
303493517,FN1477943-P-WH5046
303504213,FN1617389-P-WH12135
303504758,FN1373415-P-WH11422
303501208,FN1476086-P-WH4374
303504578,FN1476086-P-WH4374
303497488,FN1481796-P-WH4374
303490690,FN1481796-P-WH4374
303496179,FN1169370-P-WH4378
303504647,FN1590879-P-WH5046
303494795,FN1590879-P-WH5046
303499482,Fm1598530-P-WH22669
303504289,FN1600246-P-WH19573
303494853,FM1606919-P-WH19706
303495596,FM1606919-P-WH19706
303502256,FN1477940-P-WH5046
303501530,FN1477940-P-WH5046
303501783,FN1477940-P-WH5046
303501655,FN1477940-P-WH5046
303504726,FN1567947-P-WH18414
303490396,FN1191541-Z-WH5046
303493228,FN1473778-P-WH5046
303493022,FN1571335-P-WH18414
303492378,FN1477940-P-WH5046
303491071,FN1477940-P-WH5046
303497758,FN1477940-P-WH5046
303498292,FN1477940-P-WH5046
303501067,FN1477940-P-WH5046
303488157,FN1441295-P-WH4374
303493126,FN1599081-P-WH5046
303493528,FN1191542-Z-WH5046
303492486,FN1191549-Z-WH5046
303494040,FN1191549-Z-WH5046
303496214,FN1499143-P-WH4374
303502211,FN1184508-P-WH4374
303502037,FN1618926-P-WH4378
303501542,FM1305290-P-WH10873
303495636,Fm1596934-P-WH8834
303305585,FM1532928-P-WH10868
303305585,Fm1604091-P-WH10868
303305585,FM1253264-P-WH9047
303305585,FM1447008-P-WH18110
303305585,FN1608698-P-WH1210
303490843,FN1475607-P-WH5046
303493863,FN1475607-P-WH5046
303498790,FN1599085-P-WH5046
303493296,FN1359851-Z-WH5046
303493530,FN1476079-P-WH4374
303491218,FN1531434-P-WH19573
303494462,FN1476085-P-WH4374
303499556,FN1517543-P-WH4374
303496645,FN1567994-P-WH5046
303491913,FN1359841-Z-WH5046
303496232,FN1184508-P-WH4374
303497322,FN1184508-P-WH4374
303494032,FN1184508-P-WH4374
303493845,FN1481807-P-WH4374
303495811,FN1184508-P-WH4374
303500639,FN1619533-P-WH4374
303499183,FN1619533-P-WH4374
303499881,FN1619533-P-WH4374
303487328,FN1619539-P-WH4374
303502633,FN1499142-P-WH4374
303501638,FN1631169-P-WH4378
303497492,FM1614821-P-WH23775
303500884,FN1584693-P-WH19573
303491583,FM1476213-P-WH7173
303493903,FN1604371-P-WH19573
303493903,FN1580236-P-WH21286
303491021,FM1475731-P-WH8952
303495805,FM1622130-P-WH22669
303493071,Fm1589343-P-WH19589
303500693,FN1473785-P-WH5046
303491455,FN1473785-P-WH5046
303493938,FN1533808-P-WH4374
303493398,FN1533808-P-WH4374
303490864,FN1359864-Z-WH5046
303498642,FN1476081-P-WH4374
303493918,FN1362017-P-WH11422
303491539,FN1362017-P-WH11422
303501547,FN1184760-P-WH4378
303499959,FN1359478-P-WH11422
303496403,FN1359478-P-WH11422
303494758,FN1359478-P-WH11422
303497033,FN1359478-P-WH11422
303493732,FN1359478-P-WH11422
303491877,FN1441298-P-WH4374
303499517,FN1611556-P-WH19573
303494123,FN1604371-P-WH19573
303494375,FM1602009-P-WH22879
303501657,FM1598698-P-WH22695
303488354,FN1623833-P-WH4374
303488601,FN1441291-P-WH4374
303504851,FN1617040-P-WH4378
303494599,FN1616981-P-WH5046
303496963,FN1481800-P-WH4374
303502180,FN1499143-P-WH4374
303496611,FN1481800-P-WH4374
303500519,FN1373451-P-WH11422
303503961,FN1518776-P-WH11422
303494544,FN1518776-P-WH11422
303493286,FN1359862-Z-WH5046
303501496,FN1477945-P-WH5046
303504220,FN1477945-P-WH5046
303503874,FN1599085-P-WH5046
303489184,FN1584696-P-WH19573
303502480,FN1475607-P-WH5046
303504476,FN1475607-P-WH5046
303502180,FN1600254-P-WH19573
303500977,FN1438769-P-WH11422
303504401,FN1359844-Z-WH5046
303489880,FN1584700-P-WH19573
303502206,FN1473367-P-WH5046
303491271,FN1473367-P-WH5046
303493407,FN1619536-P-WH4374
303502652,FM1605305-P-WH2194
303502296,FN1184770-P-WH4378
303503817,FN1359851-Z-WH5046
303492041,FN1567994-P-WH5046
303486670,FN1567994-P-WH5046
303504686,FM1608811-P-WH11393
303491693,FN1578459-P-WH19573
303496849,FN1191538-Z-WH5046
303503904,FN1630709-P-WH4812
303493041,FN1191607-Z-WH5046
303502059,FN1441282-P-WH4374
303503667,FN1441282-P-WH4374
303487245,FN1606789-P-WH18414
303499540,FN1371220-P-WH18307
303493800,FN1371220-P-WH18307
303503570,FM1598749-P-WH22695
303503667,FM1528459-P-WH4248
303493950,FM1528459-P-WH4248
303485169,FN1614353-S-PM9338
303478527,FN1482420-S-PM16998-XXL
303482996,FN1482797-S-PM16998
303457494,FN1625793-S-PM22776
303477847,FN1625788-S-PM22776
303483347,FN1506729-S-PM2654
303430890,FN1578315-S-PM18033
303484134,FN1513068-S-PM18739-XL
303414735,FN1584422-S-PM20697
303477210,FN1508843-S-PM7026
303445356,FN1487236-S-PM20616
303453592,FN1622216-S-PM8534
303483113,FN1613744-S-PM4874
303488686,FN1482858-S-PM16998
303476750,FN1402789-S-PM20599
303481919,FN1402789-S-PM20599
303482436,FN1624729-S-PM20599
303477727,FN1501565-S-PM18233-72 x 60
303479514,FN1611099-S-PM18233-72 x 60
303496256,FN1357046-S-PM8793
303496614,FN1562009-S-PM8793
303420355,FN1624738-S-PM20599
303459215,FN1617364-S-PM21699
303447908,FN1637859-S-PM21699
303485682,FN1621071-S-PM21699
303485338,FN1621036-S-PM21699
303480564,FN1637855-S-PM21699
303476544,FN1631169-P-WH4378
303486391,FN1184508-P-WH4374
303502288,FM1303962-P-WH8833
303500376,FM1475731-P-WH8952
303496942,Fm1595847-P-WH21248
303505091,FM1476212-P-WH7173
303504838,FN1590876-P-WH5046
303498876,FN1359862-Z-WH5046
303501366,FN1599085-P-WH5046
303493826,FN1473367-P-WH5046
303500705,FN1499138-P-WH4374
303502666,FN1029795-P-WH4378
303500988,FN1191541-Z-WH5046
303490255,FN1191541-Z-WH5046
303490955,FN1191541-Z-WH5046
303498396,FN1485758-P-WH5046
303499411,FN1499150-P-WH4374
303500607,FN1571334-P-WH18414
303500110,FN1599094-P-WH11422
303488789,FN1492489-P-WH11422
303492610,FN1567993-P-WH5046
303457090,FN1400445-P-WH4374
303490549,FN1476080-P-WH4374
303492954,FN1473785-P-WH5046
303489356,FN1473785-P-WH5046
303491024,FN1473785-P-WH5046
303500668,FN1477940-P-WH5046
303495897,FM1605189-P-WH2194
303487248,Fm1595801-P-WH21248
303501830,Fm1595800-P-WH21248
303503552,Fm1596901-P-WH8834
303492519,FN1538471-P-WH4378
303504343,FN1473370-P-WH5046
303493341,FM1528450-P-WH4248
303504698,FN1359478-P-WH11422
303503981,FN1545637-P-WH5046
303502107,FN1460622-P-WH4374
303491384,FM1523380-P-WH8952
303502107,FN1499143-P-WH4374
303498876,FN1481800-P-WH4374
303492381,FN1499144-P-WH4374
303500705,FN1591929-P-WH4374
303504423,FN1184508-P-WH4374
303498396,FN1400450-P-WH4374
303476544,FN1184760-P-WH4378
303502045,FN1475607-P-WH5046
303501998,FN1600246-P-WH19573
303497840,FN1600255-P-WH19573
303488839,FN1423722-P-WH18307
303501160,FM1550403-P-WH21498
303504836,FN1540088-P-WH5046
303495164,FN1441280-P-WH4374
303501828,FM1575185-P-WH19589
303501745,Fm1595882-P-WH21248
303494367,FM1629969-P-WH22669
303501550,FN1591929-P-WH4374
303503698,FN1481807-P-WH4374
303502683,FN1623830-P-WH4374
303490184,FN1623830-P-WH4374
303495170,FN1441280-P-WH4374
303494281,FN1441280-P-WH4374
303488627,FN1477939-P-WH5046
303481058,FN1591925-P-WH4374
303486838,Fm1597227-P-WH15338
303503718,FN1359844-Z-WH5046
303495229,FN1584700-P-WH19573
303504603,FN1404036-P-WH14936
303497007,FN1587874-P-WH19573
303484408,FN1184508-P-WH4374
303483096,FN1477940-P-WH5046
303489148,Fm1597277-P-WH15338
303480070,FM1618569-P-WH18110
303503583,FM1608901-P-WH2203
303486598,FM1586470-P-WH19706
303493983,FN1599658-P-WH4378
303492083,Fm1595961-P-WH21248
303486602,FM1605217-P-WH2194
303499336,FN1617000-P-WH4378
303491058,FM1523380-P-WH8952
303498370,FN1481800-P-WH4374
303495890,FN1477940-P-WH5046
303487211,FN1441298-P-WH4374
303492809,FN1587857-P-WH19573
303503505,FN1620981-P-WH11422
303501551,FN1475193-P-WH11070
303498873,FN1567994-P-WH5046
303491134,FN1473775-P-WH5046
303500080,FN1596408-P-WH5046
303491807,FN1471829-P-WH16541
303496567,FN1620986-P-WH11422
303499765,FN1373414-P-WH11422
303485155,FM1605215-P-WH2194
303502337,FN1359480-P-WH11422
303502224,FN1492475-P-WH11422
303497500,Fm1595996-P-WH21248
303491027,FN1481801-P-WH4374
303500787,FN1359863-Z-WH5046
303489321,FN1359863-Z-WH5046
303491124,FN1477940-P-WH5046
303499386,FN1481803-P-WH4374
303496948,FN1481803-P-WH4374
303491237,FN1481803-P-WH4374
303486258,FN1481803-P-WH4374
303496270,FN1359844-Z-WH5046
303484598,FM1546654-P-WH7173
303495823,Fm1605160-P-WH10718
303498689,Fm1605160-P-WH10718
303493823,Fm1597180-P-WH10719
303493411,Fm1596925-P-WH8834
303484598,FN1373449-P-WH11422
303491425,FN1447270-P-WH22580
303491000,FN1519218-P-WH22580
303493108,FN1320608-P-WH22580
303491359,FN1451293-P-WH22580
303498858,FN1320569-P-WH22580
303504186,FN1320608-P-WH22580
303505004,FN1320608-P-WH22580
303500705,FN1451293-P-WH22580
303499337,FN1451293-P-WH22580
303503365,FN1451293-P-WH22580
303499325,FN1451293-P-WH22580
303507680,FN1320608-P-WH22580
303491338,FN1619533-P-WH4374
303492739,FN1619533-P-WH4374
303498810,FN1619539-P-WH4374
303490364,FN1619539-P-WH4374
303489250,FN1619539-P-WH4374
303492047,FN1586198-P-WH4374
303489280,FN1586198-P-WH4374
303501648,FN1623178-P-WH4374
303491341,FN1623178-P-WH4374
303500324,FN1623178-P-WH4374
303503856,FN1184508-P-WH4374
303504928,FN1184508-P-WH4374
303503878,FN1191541-Z-WH5046
303502289,FN1477940-P-WH5046
303494951,FN1359485-P-WH11422
303504270,FN1600250-P-WH19573
303504203,FN1481803-P-WH4374
303496479,FN1441280-P-WH4374
303495247,FN1359847-Z-WH5046
303489612,FN1359847-Z-WH5046
303503667,FN1441280-P-WH4374
303495396,FM1608899-P-WH2203
303501823,FM1475733-P-WH8952
303491659,FM1591725-P-WH21497
303492737,FN1599668-P-WH4378
303500064,FN1458689-P-WH14936
303497040,FN1631169-P-WH4378
303501657,FN1584699-P-WH19573
303502390,FN1584699-P-WH19573
303479439,FM1504854-P-WH2194
303504383,FN1481799-P-WH4374
303494204,FN1518765-P-WH11422
303501191,FN1584695-P-WH19573
303492487,FM1251125-P-WH6035
303487045,FN1617471-P-WH4374
303499984,FM1476214-P-WH7173
303493741,Fm1595845-P-WH21248
303498212,FM1604130-P-WH10868
303498316,FM1598725-P-WH22695
303487650,FN1191535-Z-WH5046
303502408,FN1441293-P-WH4374
303495168,FN1191535-Z-WH5046
303492025,FN1518778-P-WH11422
303501594,FN1191542-Z-WH5046
303503878,FN1191542-Z-WH5046
303495302,FN1631168-P-WH4378
303497626,FM1575197-P-WH19589
303501205,FN1481796-P-WH4374
303503499,FN1362016-P-WH11422
303502181,FN1490752-P-WH11422
303503600,FN1473785-P-WH5046
303501032,Fm1597049-P-WH10719
303496183,Fm1595926-P-WH21248
303502057,FM1617915-P-WH23775
303498796,FN1515272-P-WH11070
303490613,Fm1598472-P-WH22669
303503165,FN1499144-P-WH4374
303503243,FN1600254-P-WH19573
303507476,FN1593555-P-WH5046
303505241,FN1499144-P-WH4374
303510790,FN1499144-P-WH4374
303503357,FN1475607-P-WH5046
303505844,FN1475607-P-WH5046
303506602,FN1475607-P-WH5046
303507009,FN1475607-P-WH5046
303508223,FN1475607-P-WH5046
303506988,FN1475607-P-WH5046
303510314,FN1475607-P-WH5046
303506851,FN1475607-P-WH5046
303502184,FN1517543-P-WH4374
303504418,Fm1597096-P-WH10719
303487713,FN1602481-P-WH20861
303499512,FM1605190-P-WH2194
303503667,FM1627288-P-WH9047
303476606,Fm1595955-P-WH21248
303503996,Fm1597281-P-WH15338
303493798,FM1618504-P-WH8952
303488381,FM1605188-P-WH2194
303500251,FM1605185-P-WH2194
303490190,FM1607084-P-WH10868
303499790,FN1619534-P-WH4374
303490769,FN1531448-P-WH19573
303495314,FN1477944-P-WH5046
303495646,FN1477944-P-WH5046
303499479,FN1477944-P-WH5046
303499607,FN1362023-P-WH11422
303503171,FN1619536-P-WH4374
303503300,FN1184508-P-WH4374
303503388,FN1499142-P-WH4374
303483519,FM1618485-P-WH19589
303488190,FM1598738-P-WH22695
303504591,FN1616991-P-WH5046
303491176,FM1475732-P-WH8952
303503774,FM1475732-P-WH8952
303505866,FM1475732-P-WH8952
303506644,FM1475732-P-WH8952
303480159,FN1477939-P-WH5046
303502180,FN1400450-P-WH4374
303496435,FM1476210-P-WH7173
303500124,FM1605217-P-WH2194
303501421,FN1232845-P-WH4378
303492145,FN1476086-P-WH4374
303500967,FN1499141-P-WH4374
303488370,FN1620820-P-WH4378
303489125,FN1476079-P-WH4374
303491483,FN1475607-P-WH5046
303497610,FN1597561-P-WH5046
303502353,FM1617915-P-WH23775
303500081,FM1595383-P-WH22502
303500081,FM1595359-P-WH22502
303503289,FN1590876-P-WH5046
303493726,Fm1595959-P-WH21248
303506388,FM1608815-P-WH11393
303489992,FM1629964-P-WH22669
303491333,FM1614820-P-WH23775
303502039,FN1458689-P-WH14936
303488254,Fm1597249-P-WH15338
303500388,FM1605188-P-WH2194
303491116,FM1607098-P-WH10868
303501934,FN1499144-P-WH4374
303504465,FN1584699-P-WH19573
303501934,FN1584699-P-WH19573
303496516,FN1373430-P-WH11422
303497628,FN1373430-P-WH11422
303502212,FN1593708-P-WH5046
303494683,FN1547236-P-WH11070
303503505,FN1362017-P-WH11422
303501621,FN1371198-P-WH18307
303495491,FN1373450-P-WH11422
303493513,FN1492482-P-WH11422
303491631,FN1400449-P-WH4374
303502441,FN1191541-Z-WH5046
303500226,FN1599094-P-WH11422
303501738,FN1441293-P-WH4374
303504767,FN1359863-Z-WH5046
303490988,FN1567939-P-WH18414
303496519,FN1322208-P-WH4378
303500756,FN1488436-P-WH10827
303490013,FN1619533-P-WH4374
303500388,FN1619533-P-WH4374
303495671,FN1619533-P-WH4374
303490514,FN1623178-P-WH4374
303504083,FN1184508-P-WH4374
303504860,FN1184508-P-WH4374
303488196,FM1602153-P-WH21497
303491297,FN1206641-P-WH4378
303504291,FN1206641-P-WH4378
303504978,FN1191545-Z-WH5046
303502115,FN1191545-Z-WH5046
303502068,FN1587871-P-WH19573
303493553,FN1617386-P-WH12135
303487242,FN1441291-P-WH4374
303486838,Fm1595967-P-WH21248
303495824,FN1490758-P-WH11422
303495690,FN1490758-P-WH11422
303504450,FN1481803-P-WH4374
303503159,FN1547722-P-WH18414
303498681,Fm1610137-P-WH2203
303499392,FM1598764-P-WH22695
303492593,FM1550383-P-WH21498
303492742,Fm1595961-P-WH21248
303490348,FM1550403-P-WH21498
303494654,FN1451293-P-WH22580
303492825,FN1481800-P-WH4374
303502320,FN1499144-P-WH4374
303490779,FN1596448-P-WH5046
303501322,FN1441295-P-WH4374
303489200,FN1490756-P-WH11422
303501378,FN1531449-P-WH19573
303470076,FN1191546-Z-WH5046
303507986,FN1475607-P-WH5046
303493433,FN1616981-P-WH5046
303491420,FN1578746-P-WH19137
303501775,FN1599084-P-WH5046
303489621,FN1518767-P-WH11422
303496038,FN1490759-P-WH11422
303493189,FN1567943-P-WH18414
303493438,FN1578459-P-WH19573
303502505,FN1477940-P-WH5046
303502414,FN1477940-P-WH5046
303487997,FN1515243-S-PM6151
303507337,FM1595378-P-WH22502
303507337,FM1595380-P-WH22502
303507337,FM1458007-P-WH14875
303507337,FM1458009-P-WH14875
303507337,FM1458008-P-WH14875
303498674,FN1547238-P-WH11070
303502960,FN1631168-P-WH4378
303504669,FN1476080-P-WH4374
303501378,FN1567946-P-WH18414
303493466,FN1499149-P-WH4374
303494395,FM1489000-P-WH11393
303504643,FN1477944-P-WH5046
303503411,FN1184508-P-WH4374
303503059,FM1214323-P-WH8952
303502359,FN1481795-P-WH4374
303493084,FM1523379-P-WH8952
303492049,FN1359854-Z-WH5046
303492827,Fm1595845-P-WH21248
303497888,FN1191541-Z-WH5046
303498692,FN1567947-P-WH18414
303504102,FN1599094-P-WH11422
303497732,FN1473778-P-WH5046
303497732,FN1473777-P-WH5046
303489933,FN1600254-P-WH19573
303492038,FN1477943-P-WH5046
303486869,FN1473367-P-WH5046
303497084,FN1600215-P-WH13363
303495081,FN1620981-P-WH11422
303492821,FN1508811-P-WH18414
303486980,FN1441285-P-WH4374
303495658,FM1212913-P-WH2194
303486869,Fm1597149-P-WH10719
303507663,FM1605310-P-WH2194
303488715,FM1605219-P-WH2194
303488715,FM1607409-P-WH17109
303504102,FN1597689-P-WH12135
303497084,FN1410040-P-WH13363
303504435,FN1472441-P-WH1210
303502056,FN1619534-P-WH4374
303488043,FN1400451-P-WH4374
303494760,FM1533917-P-WH19589
303504318,FN1473370-P-WH5046
303491561,FN1567902-P-WH18414
303503529,FN1400450-P-WH4374
303504605,FN1617389-P-WH12135
303496995,Fm1600685-P-WH19706
303497619,FN1373442-P-WH11422
303497538,FN1359478-P-WH11422
303495124,FN1359478-P-WH11422
303495552,FM1614822-P-WH23775
303489769,FN1373443-P-WH11422
303477030,FN1604370-P-WH19573
303503664,FN1519339-P-WH5046
303491104,FN1362025-P-WH11422
303502558,FM1598723-P-WH22695
303486489,FN1604368-P-WH19573
303503006,FN1566423-P-WH5046
303503345,FN1593555-P-WH5046
303493529,FN1362023-P-WH11422
303497731,FN1593555-P-WH5046
303507553,FN1599083-P-WH5046
303488453,FN1184759-P-WH4378
303489787,FN1184759-P-WH4378
303500516,FN1184759-P-WH4378
303493099,FN1472197-S-PM6151
303496899,FN1472197-S-PM6151
303500117,FM1620963-P-WH23611
303499896,FM1620963-P-WH23611
303486602,FM1476207-P-WH7173
303499880,FN1617017-P-WH4378
303491278,FM1476214-P-WH7173
303499326,FN1599517-P-WH4378
303499645,FN1540094-P-WH5046
303497261,FM1517210-P-WH4248
303498679,FM1476210-P-WH7173
303503617,FN1617389-P-WH12135
303503324,FM1458018-P-WH14875
TCS300000786,FM1605215-P-WH2194
TCS300000787,FM1546654-P-WH7173
TCS300000795,FN1517543-P-WH4374